date,orders,year,month,day,weekday,is_weekend,quarter,orders_7day_avg,orders_30day_avg
2021-02-14,29,2021,2,14,Sunday,1,1,29.0,29.0
2021-02-15,61,2021,2,15,Monday,0,1,45.0,45.0
2021-02-16,59,2021,2,16,Tuesday,0,1,49.67,49.67
2021-02-17,63,2021,2,17,Wednesday,0,1,53.0,53.0
2021-02-18,76,2021,2,18,Thursday,0,1,57.6,57.6
2021-02-19,68,2021,2,19,Friday,0,1,59.33,59.33
2021-02-20,46,2021,2,20,Saturday,1,1,57.43,57.43
2021-02-21,25,2021,2,21,Sunday,1,1,56.86,53.38
2021-02-22,80,2021,2,22,Monday,0,1,59.57,56.33
2021-02-23,66,2021,2,23,Tuesday,0,1,60.57,57.3
2021-02-24,73,2021,2,24,Wednesday,0,1,62.0,58.73
2021-02-25,88,2021,2,25,Thursday,0,1,63.71,61.17
2021-02-26,89,2021,2,26,Friday,0,1,66.71,63.31
2021-02-27,48,2021,2,27,Saturday,1,1,67.0,62.21
2021-02-28,36,2021,2,28,Sunday,1,1,68.57,60.47
2021-03-01,87,2021,3,1,Monday,0,1,69.57,62.12
2021-03-02,81,2021,3,2,Tuesday,0,1,71.71,63.24
2021-03-03,104,2021,3,3,Wednesday,0,1,76.14,65.5
2021-03-04,95,2021,3,4,Thursday,0,1,77.14,67.05
2021-03-05,110,2021,3,5,Friday,0,1,80.14,69.2
2021-03-06,48,2021,3,6,Saturday,1,1,80.14,68.19
2021-03-07,34,2021,3,7,Sunday,1,1,79.86,66.64
2021-03-08,85,2021,3,8,Monday,0,1,79.57,67.43
2021-03-09,71,2021,3,9,Tuesday,0,1,78.14,67.58
2021-03-10,90,2021,3,10,Wednesday,0,1,76.14,68.48
2021-03-11,97,2021,3,11,Thursday,0,1,76.43,69.58
2021-03-12,74,2021,3,12,Friday,0,1,71.29,69.74
2021-03-13,45,2021,3,13,Saturday,1,1,70.86,68.86
2021-03-14,35,2021,3,14,Sunday,1,1,71.0,67.69
2021-03-15,79,2021,3,15,Monday,0,1,70.14,68.07
2021-03-16,82,2021,3,16,Tuesday,0,1,71.71,69.83
2021-03-17,78,2021,3,17,Wednesday,0,1,70.0,70.4
2021-03-18,96,2021,3,18,Thursday,0,1,69.86,71.63
2021-03-19,98,2021,3,19,Friday,0,1,73.29,72.8
2021-03-20,53,2021,3,20,Saturday,1,1,74.43,72.03
2021-03-21,40,2021,3,21,Sunday,1,1,75.14,71.1
2021-03-22,88,2021,3,22,Monday,0,1,76.43,72.5
2021-03-23,94,2021,3,23,Tuesday,0,1,78.14,74.8
2021-03-24,77,2021,3,24,Wednesday,0,1,78.0,74.7
2021-03-25,97,2021,3,25,Thursday,0,1,78.14,75.73
2021-03-26,88,2021,3,26,Friday,0,1,76.71,76.23
2021-03-27,57,2021,3,27,Saturday,1,1,77.29,75.2
2021-03-28,46,2021,3,28,Sunday,1,1,78.14,73.77
2021-03-29,112,2021,3,29,Monday,0,1,81.57,75.9
2021-03-30,103,2021,3,30,Tuesday,0,1,82.86,78.13
2021-03-31,108,2021,3,31,Wednesday,0,1,87.29,78.83
2021-04-01,98,2021,4,1,Thursday,0,2,87.43,79.4
2021-04-02,92,2021,4,2,Friday,0,2,88.0,79.0
2021-04-03,56,2021,4,3,Saturday,1,2,87.86,77.7
2021-04-04,38,2021,4,4,Sunday,1,2,86.71,75.3
2021-04-05,117,2021,4,5,Monday,0,2,87.43,77.6
2021-04-06,73,2021,4,6,Tuesday,0,2,83.14,78.9
2021-04-07,85,2021,4,7,Wednesday,0,2,79.86,78.9
2021-04-08,91,2021,4,8,Thursday,0,2,78.86,79.57
2021-04-09,100,2021,4,9,Friday,0,2,80.0,79.9
2021-04-10,60,2021,4,10,Saturday,1,2,80.57,78.67
2021-04-11,32,2021,4,11,Sunday,1,2,79.71,77.27
2021-04-12,102,2021,4,12,Monday,0,2,77.57,79.17
2021-04-13,82,2021,4,13,Tuesday,0,2,78.86,80.73
2021-04-14,95,2021,4,14,Wednesday,0,2,80.29,81.27
2021-04-15,104,2021,4,15,Thursday,0,2,82.14,82.0
2021-04-16,84,2021,4,16,Friday,0,2,79.86,82.2
2021-04-17,45,2021,4,17,Saturday,1,2,77.71,80.5
2021-04-18,42,2021,4,18,Sunday,1,2,79.14,78.63
2021-04-19,101,2021,4,19,Monday,0,2,79.0,80.23
2021-04-20,101,2021,4,20,Tuesday,0,2,81.71,82.27
2021-04-21,109,2021,4,21,Wednesday,0,2,83.71,82.97
2021-04-22,101,2021,4,22,Thursday,0,2,83.29,83.2
2021-04-23,95,2021,4,23,Friday,0,2,84.86,83.8
2021-04-24,52,2021,4,24,Saturday,1,2,85.86,82.3
2021-04-25,44,2021,4,25,Sunday,1,2,86.14,80.83
2021-04-26,95,2021,4,26,Monday,0,2,85.29,82.1
2021-04-27,99,2021,4,27,Tuesday,0,2,85.0,83.87
2021-04-28,103,2021,4,28,Wednesday,0,2,84.14,83.57
2021-04-29,105,2021,4,29,Thursday,0,2,84.71,83.63
2021-04-30,122,2021,4,30,Friday,0,2,88.57,84.1
2021-05-01,67,2021,5,1,Saturday,1,2,90.71,83.07
2021-05-02,42,2021,5,2,Sunday,1,2,90.43,81.4
2021-05-03,117,2021,5,3,Monday,0,2,93.57,83.43
2021-05-04,117,2021,5,4,Tuesday,0,2,96.14,86.07
2021-05-05,101,2021,5,5,Wednesday,0,2,95.86,85.53
2021-05-06,70,2021,5,6,Thursday,0,2,90.86,85.43
2021-05-07,95,2021,5,7,Friday,0,2,87.0,85.77
2021-05-08,47,2021,5,8,Saturday,1,2,84.14,84.3
2021-05-09,29,2021,5,9,Sunday,1,2,82.29,81.93
2021-05-10,75,2021,5,10,Monday,0,2,76.29,82.43
2021-05-11,83,2021,5,11,Tuesday,0,2,71.43,84.13
2021-05-12,102,2021,5,12,Wednesday,0,2,71.57,84.13
2021-05-13,86,2021,5,13,Thursday,0,2,73.86,84.27
2021-05-14,73,2021,5,14,Friday,0,2,70.71,83.53
2021-05-15,55,2021,5,15,Saturday,1,2,71.86,81.9
2021-05-16,32,2021,5,16,Sunday,1,2,72.29,80.17
2021-05-17,85,2021,5,17,Monday,0,2,73.71,81.5
2021-05-18,85,2021,5,18,Tuesday,0,2,74.0,82.93
2021-05-19,105,2021,5,19,Wednesday,0,2,74.43,83.07
2021-05-20,89,2021,5,20,Thursday,0,2,74.86,82.67
2021-05-21,88,2021,5,21,Friday,0,2,77.0,81.97
2021-05-22,61,2021,5,22,Saturday,1,2,77.86,80.63
2021-05-23,32,2021,5,23,Sunday,1,2,77.86,78.53
2021-05-24,93,2021,5,24,Monday,0,2,79.0,79.9
2021-05-25,131,2021,5,25,Tuesday,0,2,85.57,82.8
2021-05-26,115,2021,5,26,Wednesday,0,2,87.0,83.47
2021-05-27,98,2021,5,27,Thursday,0,2,88.29,83.43
2021-05-28,128,2021,5,28,Friday,0,2,94.0,84.27
2021-05-29,73,2021,5,29,Saturday,1,2,95.71,83.2
2021-05-30,56,2021,5,30,Sunday,1,2,99.14,81.0
2021-05-31,105,2021,5,31,Monday,0,2,100.86,82.27
2021-06-01,122,2021,6,1,Tuesday,0,2,99.57,84.93
2021-06-02,110,2021,6,2,Wednesday,0,2,98.86,84.7
2021-06-03,102,2021,6,3,Thursday,0,2,99.43,84.2
2021-06-04,105,2021,6,4,Friday,0,2,96.14,84.33
2021-06-05,65,2021,6,5,Saturday,1,2,95.0,84.17
2021-06-06,37,2021,6,6,Sunday,1,2,92.29,82.23
2021-06-07,118,2021,6,7,Monday,0,2,94.14,84.6
2021-06-08,90,2021,6,8,Tuesday,0,2,89.57,86.63
2021-06-09,126,2021,6,9,Wednesday,0,2,91.86,88.33
2021-06-10,110,2021,6,10,Thursday,0,2,93.0,89.23
2021-06-11,109,2021,6,11,Friday,0,2,93.57,89.47
2021-06-12,51,2021,6,12,Saturday,1,2,91.57,88.3
2021-06-13,46,2021,6,13,Sunday,1,2,92.86,87.4
2021-06-14,112,2021,6,14,Monday,0,2,92.0,89.3
2021-06-15,99,2021,6,15,Tuesday,0,2,93.29,91.53
2021-06-16,89,2021,6,16,Wednesday,0,2,88.0,91.67
2021-06-17,96,2021,6,17,Thursday,0,2,86.0,92.03
2021-06-18,93,2021,6,18,Friday,0,2,83.71,91.63
2021-06-19,77,2021,6,19,Saturday,1,2,87.43,91.23
2021-06-20,45,2021,6,20,Sunday,1,2,87.29,89.8
2021-06-21,104,2021,6,21,Monday,0,2,86.14,91.23
2021-06-22,135,2021,6,22,Tuesday,0,2,91.29,94.67
2021-06-23,93,2021,6,23,Wednesday,0,2,91.86,94.67
2021-06-24,113,2021,6,24,Thursday,0,2,94.29,94.07
2021-06-25,115,2021,6,25,Friday,0,2,97.43,94.07
2021-06-26,70,2021,6,26,Saturday,1,2,96.43,93.13
2021-06-27,52,2021,6,27,Sunday,1,2,97.43,90.6
2021-06-28,159,2021,6,28,Monday,0,2,105.29,93.47
2021-06-29,160,2021,6,29,Tuesday,0,2,108.86,96.93
2021-06-30,147,2021,6,30,Wednesday,0,2,116.57,98.33
2021-07-01,132,2021,7,1,Thursday,0,3,119.29,98.67
2021-07-02,105,2021,7,2,Friday,0,3,117.86,98.5
2021-07-03,58,2021,7,3,Saturday,1,3,116.14,97.03
2021-07-04,39,2021,7,4,Sunday,1,3,114.29,94.83
2021-07-05,99,2021,7,5,Monday,0,3,105.71,95.97
2021-07-06,92,2021,7,6,Tuesday,0,3,96.0,97.8
2021-07-07,86,2021,7,7,Wednesday,0,3,87.29,96.73
2021-07-08,101,2021,7,8,Thursday,0,3,82.86,97.1
2021-07-09,119,2021,7,9,Friday,0,3,84.86,96.87
2021-07-10,59,2021,7,10,Saturday,1,3,85.0,95.17
2021-07-11,48,2021,7,11,Sunday,1,3,86.29,93.13
2021-07-12,99,2021,7,12,Monday,0,3,86.29,94.73
2021-07-13,96,2021,7,13,Tuesday,0,3,86.86,96.4
2021-07-14,96,2021,7,14,Wednesday,0,3,88.29,95.87
2021-07-15,96,2021,7,15,Thursday,0,3,87.57,95.77
2021-07-16,109,2021,7,16,Friday,0,3,86.14,96.43
2021-07-17,71,2021,7,17,Saturday,1,3,87.86,95.6
2021-07-18,38,2021,7,18,Sunday,1,3,86.43,93.77
2021-07-19,103,2021,7,19,Monday,0,3,87.0,94.63
2021-07-20,100,2021,7,20,Tuesday,0,3,87.57,96.47
2021-07-21,91,2021,7,21,Wednesday,0,3,86.86,96.03
2021-07-22,86,2021,7,22,Thursday,0,3,85.43,94.4
2021-07-23,113,2021,7,23,Friday,0,3,86.0,95.07
2021-07-24,65,2021,7,24,Saturday,1,3,85.14,93.47
2021-07-25,61,2021,7,25,Sunday,1,3,88.43,91.67
2021-07-26,105,2021,7,26,Monday,0,3,88.71,92.83
2021-07-27,131,2021,7,27,Tuesday,0,3,93.14,95.47
2021-07-28,139,2021,7,28,Wednesday,0,3,100.0,94.8
2021-07-29,113,2021,7,29,Thursday,0,3,103.86,93.23
2021-07-30,107,2021,7,30,Friday,0,3,103.0,91.9
2021-07-31,80,2021,7,31,Saturday,1,3,105.14,90.17
2021-08-01,60,2021,8,1,Sunday,1,3,105.0,88.67
2021-08-02,143,2021,8,2,Monday,0,3,110.43,91.5
2021-08-03,107,2021,8,3,Tuesday,0,3,107.0,93.77
2021-08-04,112,2021,8,4,Wednesday,0,3,103.14,94.2
2021-08-05,152,2021,8,5,Thursday,0,3,108.71,96.2
2021-08-06,117,2021,8,6,Friday,0,3,110.14,97.23
2021-08-07,58,2021,8,7,Saturday,1,3,107.0,95.8
2021-08-08,50,2021,8,8,Sunday,1,3,105.57,93.5
2021-08-09,117,2021,8,9,Monday,0,3,101.86,95.43
2021-08-10,98,2021,8,10,Tuesday,0,3,100.57,97.1
2021-08-11,110,2021,8,11,Wednesday,0,3,100.29,97.47
2021-08-12,131,2021,8,12,Thursday,0,3,97.29,98.63
2021-08-13,97,2021,8,13,Friday,0,3,94.43,98.67
2021-08-14,54,2021,8,14,Saturday,1,3,93.86,97.27
2021-08-15,75,2021,8,15,Sunday,1,3,97.43,96.13
2021-08-16,183,2021,8,16,Monday,0,3,106.86,99.87
2021-08-17,152,2021,8,17,Tuesday,0,3,114.57,103.67
2021-08-18,183,2021,8,18,Wednesday,0,3,125.0,106.33
2021-08-19,197,2021,8,19,Thursday,0,3,134.43,109.57
2021-08-20,152,2021,8,20,Friday,0,3,142.29,111.6
2021-08-21,113,2021,8,21,Saturday,1,3,150.71,112.5
2021-08-22,84,2021,8,22,Sunday,1,3,152.0,111.53
2021-08-23,157,2021,8,23,Monday,0,3,148.29,114.6
2021-08-24,198,2021,8,24,Tuesday,0,3,154.86,119.17
2021-08-25,199,2021,8,25,Wednesday,0,3,157.14,122.3
2021-08-26,195,2021,8,26,Thursday,0,3,156.86,124.43
2021-08-27,206,2021,8,27,Friday,0,3,164.57,126.67
2021-08-28,111,2021,8,28,Saturday,1,3,164.29,126.6
2021-08-29,70,2021,8,29,Sunday,1,3,162.29,125.37
2021-08-30,236,2021,8,30,Monday,0,3,173.57,130.57
2021-08-31,163,2021,8,31,Tuesday,0,3,168.57,134.0
2021-09-01,165,2021,9,1,Wednesday,0,3,163.71,134.73
2021-09-02,145,2021,9,2,Thursday,0,3,156.57,136.0
2021-09-03,128,2021,9,3,Friday,0,3,145.43,136.53
2021-09-04,105,2021,9,4,Saturday,1,3,144.57,134.97
2021-09-05,61,2021,9,5,Sunday,1,3,143.29,133.1
2021-09-06,119,2021,9,6,Monday,0,3,126.57,135.13
2021-09-07,129,2021,9,7,Tuesday,0,3,121.71,137.77
2021-09-08,153,2021,9,8,Wednesday,0,3,120.0,138.97
2021-09-09,109,2021,9,9,Thursday,0,3,114.86,139.33
2021-09-10,161,2021,9,10,Friday,0,3,119.57,141.03
2021-09-11,72,2021,9,11,Saturday,1,3,114.86,139.07
2021-09-12,51,2021,9,12,Sunday,1,3,113.43,137.53
2021-09-13,145,2021,9,13,Monday,0,3,117.14,140.57
2021-09-14,147,2021,9,14,Tuesday,0,3,119.71,142.97
2021-09-15,125,2021,9,15,Wednesday,0,3,115.71,141.03
2021-09-16,137,2021,9,16,Thursday,0,3,119.71,140.53
2021-09-17,115,2021,9,17,Friday,0,3,113.14,138.27
2021-09-18,76,2021,9,18,Saturday,1,3,113.71,134.23
2021-09-19,57,2021,9,19,Sunday,1,3,114.57,131.07
2021-09-20,142,2021,9,20,Monday,0,3,114.14,132.03
2021-09-21,141,2021,9,21,Tuesday,0,3,113.29,133.93
2021-09-22,118,2021,9,22,Wednesday,0,3,112.29,132.63
2021-09-23,107,2021,9,23,Thursday,0,3,108.0,129.6
2021-09-24,130,2021,9,24,Friday,0,3,110.14,127.3
2021-09-25,85,2021,9,25,Saturday,1,3,111.43,123.63
2021-09-26,59,2021,9,26,Sunday,1,3,111.71,118.73
2021-09-27,181,2021,9,27,Monday,0,3,117.29,121.07
2021-09-28,123,2021,9,28,Tuesday,0,3,114.71,122.83
2021-09-29,150,2021,9,29,Wednesday,0,3,119.29,119.97
2021-09-30,157,2021,9,30,Thursday,0,3,126.43,119.77
2021-10-01,139,2021,10,1,Friday,0,4,127.71,118.9
2021-10-02,91,2021,10,2,Saturday,1,4,128.57,117.1
2021-10-03,61,2021,10,3,Sunday,1,4,128.86,114.87
2021-10-04,157,2021,10,4,Monday,0,4,125.43,116.6
2021-10-05,145,2021,10,5,Tuesday,0,4,128.57,119.4
2021-10-06,141,2021,10,6,Wednesday,0,4,127.29,120.13
2021-10-07,156,2021,10,7,Thursday,0,4,127.14,121.03
2021-10-08,134,2021,10,8,Friday,0,4,126.43,120.4
2021-10-09,67,2021,10,9,Saturday,1,4,123.0,119.0
2021-10-10,53,2021,10,10,Sunday,1,4,121.86,115.4
2021-10-11,134,2021,10,11,Monday,0,4,118.57,117.47
2021-10-12,136,2021,10,12,Tuesday,0,4,117.29,120.3
2021-10-13,139,2021,10,13,Wednesday,0,4,117.0,120.1
2021-10-14,140,2021,10,14,Thursday,0,4,114.71,119.87
2021-10-15,152,2021,10,15,Friday,0,4,117.29,120.77
2021-10-16,76,2021,10,16,Saturday,1,4,118.57,118.73
2021-10-17,50,2021,10,17,Sunday,1,4,118.14,116.57
2021-10-18,151,2021,10,18,Monday,0,4,120.57,119.07
2021-10-19,131,2021,10,19,Tuesday,0,4,119.86,121.53
2021-10-20,125,2021,10,20,Wednesday,0,4,117.86,120.97
2021-10-21,123,2021,10,21,Thursday,0,4,115.43,120.37
2021-10-22,102,2021,10,22,Friday,0,4,108.29,119.83
2021-10-23,69,2021,10,23,Saturday,1,4,107.29,118.57
2021-10-24,54,2021,10,24,Sunday,1,4,107.86,116.03
2021-10-25,162,2021,10,25,Monday,0,4,109.43,118.6
2021-10-26,168,2021,10,26,Tuesday,0,4,114.71,122.23
2021-10-27,130,2021,10,27,Wednesday,0,4,115.43,120.53
2021-10-28,148,2021,10,28,Thursday,0,4,119.0,121.37
2021-10-29,158,2021,10,29,Friday,0,4,127.0,121.63
2021-10-30,78,2021,10,30,Saturday,1,4,128.29,119.0
2021-10-31,62,2021,10,31,Sunday,1,4,129.43,116.43
2021-11-01,126,2021,11,1,Monday,0,4,124.29,117.6
2021-11-02,163,2021,11,2,Tuesday,0,4,123.57,121.0
2021-11-03,128,2021,11,3,Wednesday,0,4,123.29,120.03
2021-11-04,138,2021,11,4,Thursday,0,4,121.86,119.8
2021-11-05,162,2021,11,5,Friday,0,4,122.43,120.5
2021-11-06,66,2021,11,6,Saturday,1,4,120.71,117.5
2021-11-07,56,2021,11,7,Sunday,1,4,119.86,114.9
2021-11-08,102,2021,11,8,Monday,0,4,116.43,116.07
2021-11-09,100,2021,11,9,Tuesday,0,4,107.43,117.63
2021-11-10,125,2021,11,10,Wednesday,0,4,107.0,117.33
2021-11-11,109,2021,11,11,Thursday,0,4,102.86,116.43
2021-11-12,105,2021,11,12,Friday,0,4,94.71,115.3
2021-11-13,61,2021,11,13,Saturday,1,4,94.0,112.67
2021-11-14,45,2021,11,14,Sunday,1,4,92.43,109.1
2021-11-15,134,2021,11,15,Monday,0,4,97.0,111.03
2021-11-16,114,2021,11,16,Tuesday,0,4,99.0,113.17
2021-11-17,97,2021,11,17,Wednesday,0,4,95.0,111.37
2021-11-18,123,2021,11,18,Thursday,0,4,97.0,111.1
2021-11-19,131,2021,11,19,Friday,0,4,100.71,111.3
2021-11-20,112,2021,11,20,Saturday,1,4,108.0,110.93
2021-11-21,72,2021,11,21,Sunday,1,4,111.86,109.93
2021-11-22,234,2021,11,22,Monday,0,4,126.14,115.43
2021-11-23,236,2021,11,23,Tuesday,0,4,143.57,121.5
2021-11-24,229,2021,11,24,Wednesday,0,4,162.43,123.73
2021-11-25,266,2021,11,25,Thursday,0,4,182.86,127.0
2021-11-26,188,2021,11,26,Friday,0,4,191.0,128.93
2021-11-27,122,2021,11,27,Saturday,1,4,192.43,128.07
2021-11-28,90,2021,11,28,Sunday,1,4,195.0,125.8
2021-11-29,255,2021,11,29,Monday,0,4,198.0,131.7
2021-11-30,219,2021,11,30,Tuesday,0,4,195.57,136.93
2021-12-01,167,2021,12,1,Wednesday,0,4,186.71,138.3
2021-12-02,210,2021,12,2,Thursday,0,4,178.71,139.87
2021-12-03,165,2021,12,3,Friday,0,4,175.43,141.1
2021-12-04,123,2021,12,4,Saturday,1,4,175.57,140.6
2021-12-05,74,2021,12,5,Sunday,1,4,173.29,137.67
2021-12-06,182,2021,12,6,Monday,0,4,162.86,141.53
2021-12-07,144,2021,12,7,Tuesday,0,4,152.14,144.47
2021-12-08,187,2021,12,8,Wednesday,0,4,155.0,147.3
2021-12-09,155,2021,12,9,Thursday,0,4,147.14,149.13
2021-12-10,133,2021,12,10,Friday,0,4,142.57,149.4
2021-12-11,100,2021,12,11,Saturday,1,4,139.29,149.1
2021-12-12,67,2021,12,12,Sunday,1,4,138.29,147.83
2021-12-13,159,2021,12,13,Monday,0,4,135.0,151.1
2021-12-14,157,2021,12,14,Tuesday,0,4,136.86,154.83
2021-12-15,139,2021,12,15,Wednesday,0,4,130.0,155.0
2021-12-16,127,2021,12,16,Thursday,0,4,126.0,155.43
2021-12-17,147,2021,12,17,Friday,0,4,128.0,157.1
2021-12-18,78,2021,12,18,Saturday,1,4,124.86,155.6
2021-12-19,71,2021,12,19,Sunday,1,4,125.43,153.6
2021-12-20,160,2021,12,20,Monday,0,4,125.57,155.2
2021-12-21,161,2021,12,21,Tuesday,0,4,126.14,158.17
2021-12-22,170,2021,12,22,Wednesday,0,4,130.57,156.03
2021-12-23,123,2021,12,23,Thursday,0,4,130.0,152.27
2021-12-24,145,2021,12,24,Friday,0,4,129.71,149.47
2021-12-25,73,2021,12,25,Saturday,1,4,129.0,143.03
2021-12-26,47,2021,12,26,Sunday,1,4,125.57,138.33
2021-12-27,126,2021,12,27,Monday,0,4,120.71,138.47
2021-12-28,105,2021,12,28,Tuesday,0,4,112.71,138.97
2021-12-29,116,2021,12,29,Wednesday,0,4,105.0,134.33
2021-12-30,84,2021,12,30,Thursday,0,4,99.43,129.83
2021-12-31,123,2021,12,31,Friday,0,4,96.29,128.37
2022-01-01,79,2022,1,1,Saturday,1,1,97.14,124.0
2022-01-02,50,2022,1,2,Sunday,1,1,97.57,120.17
2022-01-03,151,2022,1,3,Monday,0,1,101.14,121.1
2022-01-04,138,2022,1,4,Tuesday,0,1,105.86,123.23
2022-01-05,129,2022,1,5,Wednesday,0,1,107.71,121.47
2022-01-06,100,2022,1,6,Thursday,0,1,110.0,120.0
2022-01-07,147,2022,1,7,Friday,0,1,113.43,118.67
2022-01-08,58,2022,1,8,Saturday,1,1,110.43,115.43
2022-01-09,61,2022,1,9,Sunday,1,1,112.0,113.03
2022-01-10,102,2022,1,10,Monday,0,1,105.0,113.1
2022-01-11,83,2022,1,11,Tuesday,0,1,97.14,113.63
2022-01-12,97,2022,1,12,Wednesday,0,1,92.57,111.57
2022-01-13,86,2022,1,13,Thursday,0,1,90.57,109.2
2022-01-14,96,2022,1,14,Friday,0,1,83.29,107.77
2022-01-15,43,2022,1,15,Saturday,1,1,81.14,104.97
2022-01-16,28,2022,1,16,Sunday,1,1,76.43,101.0
2022-01-17,83,2022,1,17,Monday,0,1,73.71,101.17
2022-01-18,99,2022,1,18,Tuesday,0,1,76.0,102.1
2022-01-19,94,2022,1,19,Wednesday,0,1,75.57,99.9
2022-01-20,81,2022,1,20,Thursday,0,1,74.86,97.23
2022-01-21,71,2022,1,21,Friday,0,1,71.29,93.93
2022-01-22,53,2022,1,22,Saturday,1,1,72.71,91.6
2022-01-23,27,2022,1,23,Sunday,1,1,72.57,87.67
2022-01-24,80,2022,1,24,Monday,0,1,72.14,87.9
2022-01-25,104,2022,1,25,Tuesday,0,1,72.86,89.8
2022-01-26,90,2022,1,26,Wednesday,0,1,72.29,88.6
2022-01-27,84,2022,1,27,Thursday,0,1,72.71,87.9
2022-01-28,89,2022,1,28,Friday,0,1,75.29,87.0
2022-01-29,44,2022,1,29,Saturday,1,1,74.0,85.67
2022-01-30,45,2022,1,30,Sunday,1,1,76.57,83.07
2022-01-31,82,2022,1,31,Monday,0,1,76.86,83.17
2022-02-01,102,2022,2,1,Tuesday,0,1,76.57,84.9
2022-02-02,95,2022,2,2,Wednesday,0,1,77.29,83.03
2022-02-03,84,2022,2,3,Thursday,0,1,77.29,81.23
2022-02-04,108,2022,2,4,Friday,0,1,80.0,80.53
2022-02-05,48,2022,2,5,Saturday,1,1,80.57,78.8
2022-02-06,37,2022,2,6,Sunday,1,1,79.43,75.13
2022-02-07,71,2022,2,7,Monday,0,1,77.86,75.57
2022-02-08,85,2022,2,8,Tuesday,0,1,75.43,76.37
2022-02-09,71,2022,2,9,Wednesday,0,1,72.0,75.33
2022-02-10,68,2022,2,10,Thursday,0,1,69.71,74.83
2022-02-11,86,2022,2,11,Friday,0,1,66.57,74.47
2022-02-12,41,2022,2,12,Saturday,1,1,65.57,72.97
2022-02-13,26,2022,2,13,Sunday,1,1,64.0,70.63
2022-02-14,87,2022,2,14,Monday,0,1,66.29,72.1
2022-02-15,66,2022,2,15,Tuesday,0,1,63.57,73.37
2022-02-16,68,2022,2,16,Wednesday,0,1,63.14,72.87
2022-02-17,77,2022,2,17,Thursday,0,1,64.43,72.13
2022-02-18,63,2022,2,18,Friday,0,1,61.14,71.1
2022-02-19,42,2022,2,19,Saturday,1,1,61.29,69.8
2022-02-20,38,2022,2,20,Sunday,1,1,63.0,68.7
2022-02-21,71,2022,2,21,Monday,0,1,60.71,69.3
2022-02-22,76,2022,2,22,Tuesday,0,1,62.14,70.93
2022-02-23,74,2022,2,23,Wednesday,0,1,63.0,70.73
2022-02-24,64,2022,2,24,Thursday,0,1,61.14,69.4
2022-02-25,97,2022,2,25,Friday,0,1,66.0,69.63
2022-02-26,48,2022,2,26,Saturday,1,1,66.86,68.43
2022-02-27,38,2022,2,27,Sunday,1,1,66.86,66.73
2022-02-28,74,2022,2,28,Monday,0,1,67.29,67.73
2022-03-01,90,2022,3,1,Tuesday,0,1,69.29,69.23
2022-03-02,100,2022,3,2,Wednesday,0,1,73.0,69.83
2022-03-03,120,2022,3,3,Thursday,0,1,81.0,70.43
2022-03-04,123,2022,3,4,Friday,0,1,84.71,71.37
2022-03-05,61,2022,3,5,Saturday,1,1,86.57,70.6
2022-03-06,43,2022,3,6,Sunday,1,1,87.29,68.43
2022-03-07,83,2022,3,7,Monday,0,1,88.57,69.6
2022-03-08,86,2022,3,8,Tuesday,0,1,88.0,71.23
2022-03-09,76,2022,3,9,Wednesday,0,1,84.57,71.4
2022-03-10,77,2022,3,10,Thursday,0,1,78.43,71.13
2022-03-11,96,2022,3,11,Friday,0,1,74.57,71.97
2022-03-12,64,2022,3,12,Saturday,1,1,75.0,71.83
2022-03-13,37,2022,3,13,Sunday,1,1,74.14,70.2
2022-03-14,93,2022,3,14,Monday,0,1,75.57,71.93
2022-03-15,90,2022,3,15,Tuesday,0,1,76.14,74.07
2022-03-16,97,2022,3,16,Wednesday,0,1,79.14,74.4
2022-03-17,87,2022,3,17,Thursday,0,1,80.57,75.1
2022-03-18,84,2022,3,18,Friday,0,1,78.86,75.63
2022-03-19,57,2022,3,19,Saturday,1,1,77.86,74.97
2022-03-20,40,2022,3,20,Sunday,1,1,78.29,74.2
2022-03-21,87,2022,3,21,Monday,0,1,77.43,75.7
2022-03-22,93,2022,3,22,Tuesday,0,1,77.86,77.53
2022-03-23,82,2022,3,23,Wednesday,0,1,75.71,77.9
2022-03-24,82,2022,3,24,Thursday,0,1,75.0,78.1
2022-03-25,129,2022,3,25,Friday,0,1,81.43,79.93
2022-03-26,62,2022,3,26,Saturday,1,1,82.14,79.87
2022-03-27,43,2022,3,27,Sunday,1,1,82.57,78.07
2022-03-28,104,2022,3,28,Monday,0,1,85.0,79.93
2022-03-29,104,2022,3,29,Tuesday,0,1,86.57,82.13
2022-03-30,114,2022,3,30,Wednesday,0,1,91.14,83.47
2022-03-31,136,2022,3,31,Thursday,0,1,98.86,85.0
2022-04-01,94,2022,4,1,Friday,0,2,93.86,84.8
2022-04-02,76,2022,4,2,Saturday,1,2,95.86,83.33
2022-04-03,56,2022,4,3,Sunday,1,2,97.71,81.1
2022-04-04,107,2022,4,4,Monday,0,2,98.14,82.63
2022-04-05,117,2022,4,5,Tuesday,0,2,100.0,85.1
2022-04-06,99,2022,4,6,Wednesday,0,2,97.86,85.63
2022-04-07,114,2022,4,7,Thursday,0,2,94.71,86.57
2022-04-08,85,2022,4,8,Friday,0,2,93.43,86.87
2022-04-09,55,2022,4,9,Saturday,1,2,90.43,86.13
2022-04-10,46,2022,4,10,Sunday,1,2,89.0,84.47
2022-04-11,94,2022,4,11,Monday,0,2,87.14,85.47
2022-04-12,106,2022,4,12,Tuesday,0,2,85.57,87.77
2022-04-13,103,2022,4,13,Wednesday,0,2,86.14,88.1
2022-04-14,124,2022,4,14,Thursday,0,2,87.57,89.23
2022-04-15,86,2022,4,15,Friday,0,2,87.71,88.87
2022-04-16,51,2022,4,16,Saturday,1,2,87.14,87.67
2022-04-17,39,2022,4,17,Sunday,1,2,86.14,86.17
2022-04-18,119,2022,4,18,Monday,0,2,89.71,88.23
2022-04-19,96,2022,4,19,Tuesday,0,2,88.29,90.1
2022-04-20,125,2022,4,20,Wednesday,0,2,91.43,91.37
2022-04-21,122,2022,4,21,Thursday,0,2,91.14,92.33
2022-04-22,100,2022,4,22,Friday,0,2,93.14,92.93
2022-04-23,59,2022,4,23,Saturday,1,2,94.29,92.17
2022-04-24,37,2022,4,24,Sunday,1,2,94.0,89.1
2022-04-25,141,2022,4,25,Monday,0,2,97.14,91.73
2022-04-26,108,2022,4,26,Tuesday,0,2,98.86,93.9
2022-04-27,107,2022,4,27,Wednesday,0,2,96.29,94.0
2022-04-28,150,2022,4,28,Thursday,0,2,100.29,95.53
2022-04-29,136,2022,4,29,Friday,0,2,105.43,96.27
2022-04-30,77,2022,4,30,Saturday,1,2,108.0,94.3
2022-05-01,53,2022,5,1,Sunday,1,2,110.29,92.93
2022-05-02,125,2022,5,2,Monday,0,2,108.0,94.57
2022-05-03,118,2022,5,3,Tuesday,0,2,109.43,96.63
2022-05-04,94,2022,5,4,Wednesday,0,2,107.57,96.2
2022-05-05,100,2022,5,5,Thursday,0,2,100.43,95.63
2022-05-06,98,2022,5,6,Friday,0,2,95.0,95.6
2022-05-07,67,2022,5,7,Saturday,1,2,93.57,94.03
2022-05-08,34,2022,5,8,Sunday,1,2,90.86,92.33
2022-05-09,108,2022,5,9,Monday,0,2,88.43,94.1
2022-05-10,97,2022,5,10,Tuesday,0,2,85.43,95.8
2022-05-11,88,2022,5,11,Wednesday,0,2,84.57,95.6
2022-05-12,95,2022,5,12,Thursday,0,2,83.86,95.23
2022-05-13,109,2022,5,13,Friday,0,2,85.43,95.43
2022-05-14,63,2022,5,14,Saturday,1,2,84.86,93.4
2022-05-15,38,2022,5,15,Sunday,1,2,85.43,91.8
2022-05-16,124,2022,5,16,Monday,0,2,87.71,94.23
2022-05-17,125,2022,5,17,Tuesday,0,2,91.71,97.1
2022-05-18,90,2022,5,18,Wednesday,0,2,92.0,96.13
2022-05-19,94,2022,5,19,Thursday,0,2,91.86,96.07
2022-05-20,90,2022,5,20,Friday,0,2,89.14,94.9
2022-05-21,62,2022,5,21,Saturday,1,2,89.0,92.9
2022-05-22,38,2022,5,22,Sunday,1,2,89.0,90.83
2022-05-23,93,2022,5,23,Monday,0,2,84.57,91.97
2022-05-24,96,2022,5,24,Tuesday,0,2,80.43,93.93
2022-05-25,142,2022,5,25,Wednesday,0,2,87.86,93.97
2022-05-26,138,2022,5,26,Thursday,0,2,94.14,94.97
2022-05-27,143,2022,5,27,Friday,0,2,101.71,96.17
2022-05-28,82,2022,5,28,Saturday,1,2,104.57,93.9
2022-05-29,45,2022,5,29,Sunday,1,2,105.57,90.87
2022-05-30,125,2022,5,30,Monday,0,2,110.14,92.47
2022-05-31,126,2022,5,31,Tuesday,0,2,114.43,94.9
2022-06-01,108,2022,6,1,Wednesday,0,2,109.57,94.33
2022-06-02,137,2022,6,2,Thursday,0,2,109.43,94.97
2022-06-03,116,2022,6,3,Friday,0,2,105.57,95.7
2022-06-04,86,2022,6,4,Saturday,1,2,106.14,95.23
2022-06-05,56,2022,6,5,Sunday,1,2,107.71,93.83
2022-06-06,98,2022,6,6,Monday,0,2,103.86,94.87
2022-06-07,111,2022,6,7,Tuesday,0,2,101.71,97.43
2022-06-08,117,2022,6,8,Wednesday,0,2,103.0,97.73
2022-06-09,134,2022,6,9,Thursday,0,2,102.57,98.97
2022-06-10,116,2022,6,10,Friday,0,2,102.57,99.9
2022-06-11,80,2022,6,11,Saturday,1,2,101.71,99.4
2022-06-12,42,2022,6,12,Sunday,1,2,99.71,97.17
2022-06-13,118,2022,6,13,Monday,0,2,102.57,99.0
2022-06-14,131,2022,6,14,Tuesday,0,2,105.43,102.1
2022-06-15,116,2022,6,15,Wednesday,0,2,105.29,101.83
2022-06-16,126,2022,6,16,Thursday,0,2,104.14,101.87
2022-06-17,101,2022,6,17,Friday,0,2,102.0,102.23
2022-06-18,67,2022,6,18,Saturday,1,2,100.14,101.33
2022-06-19,43,2022,6,19,Sunday,1,2,100.29,99.77
2022-06-20,109,2022,6,20,Monday,0,2,99.0,101.33
2022-06-21,149,2022,6,21,Tuesday,0,2,101.57,105.03
2022-06-22,126,2022,6,22,Wednesday,0,2,103.0,106.13
2022-06-23,105,2022,6,23,Thursday,0,2,100.0,106.43
2022-06-24,111,2022,6,24,Friday,0,2,101.43,105.4
2022-06-25,70,2022,6,25,Saturday,1,2,101.86,103.13
2022-06-26,62,2022,6,26,Sunday,1,2,104.57,100.43
2022-06-27,158,2022,6,27,Monday,0,2,111.57,102.97
2022-06-28,169,2022,6,28,Tuesday,0,2,114.43,107.1
2022-06-29,123,2022,6,29,Wednesday,0,2,114.0,107.03
2022-06-30,156,2022,6,30,Thursday,0,2,121.29,108.03
2022-07-01,148,2022,7,1,Friday,0,3,126.57,109.37
2022-07-02,82,2022,7,2,Saturday,1,3,128.29,107.53
2022-07-03,63,2022,7,3,Sunday,1,3,128.43,105.77
2022-07-04,107,2022,7,4,Monday,0,3,121.14,106.47
2022-07-05,153,2022,7,5,Tuesday,0,3,118.86,109.7
2022-07-06,115,2022,7,6,Wednesday,0,3,117.71,110.27
2022-07-07,108,2022,7,7,Thursday,0,3,110.86,110.17
2022-07-08,101,2022,7,8,Friday,0,3,104.14,109.63
2022-07-09,72,2022,7,9,Saturday,1,3,102.71,107.57
2022-07-10,41,2022,7,10,Sunday,1,3,99.57,105.07
2022-07-11,97,2022,7,11,Monday,0,3,98.14,105.63
2022-07-12,137,2022,7,12,Tuesday,0,3,95.86,108.8
2022-07-13,117,2022,7,13,Wednesday,0,3,96.14,108.77
2022-07-14,109,2022,7,14,Thursday,0,3,96.29,108.03
2022-07-15,102,2022,7,15,Friday,0,3,96.43,107.57
2022-07-16,62,2022,7,16,Saturday,1,3,95.0,105.43
2022-07-17,58,2022,7,17,Sunday,1,3,97.43,104.0
2022-07-18,138,2022,7,18,Monday,0,3,103.29,106.37
2022-07-19,101,2022,7,19,Tuesday,0,3,98.14,108.3
2022-07-20,130,2022,7,20,Wednesday,0,3,100.0,109.0
2022-07-21,106,2022,7,21,Thursday,0,3,99.57,107.57
2022-07-22,122,2022,7,22,Friday,0,3,102.43,107.43
2022-07-23,85,2022,7,23,Saturday,1,3,105.71,106.77
2022-07-24,43,2022,7,24,Sunday,1,3,103.57,104.5
2022-07-25,114,2022,7,25,Monday,0,3,100.14,105.97
2022-07-26,128,2022,7,26,Tuesday,0,3,104.0,108.17
2022-07-27,141,2022,7,27,Wednesday,0,3,105.57,107.6
2022-07-28,141,2022,7,28,Thursday,0,3,110.57,106.67
2022-07-29,116,2022,7,29,Friday,0,3,109.71,106.43
2022-07-30,96,2022,7,30,Saturday,1,3,111.29,104.43
2022-07-31,64,2022,7,31,Sunday,1,3,114.29,101.63
2022-08-01,116,2022,8,1,Monday,0,3,114.57,102.77
2022-08-02,150,2022,8,2,Tuesday,0,3,117.71,105.67
2022-08-03,145,2022,8,3,Wednesday,0,3,118.29,106.93
2022-08-04,153,2022,8,4,Thursday,0,3,120.0,106.93
2022-08-05,132,2022,8,5,Friday,0,3,122.29,107.5
2022-08-06,66,2022,8,6,Saturday,1,3,118.0,106.1
2022-08-07,42,2022,8,7,Sunday,1,3,114.86,104.13
2022-08-08,126,2022,8,8,Monday,0,3,116.29,105.93
2022-08-09,117,2022,8,9,Tuesday,0,3,111.57,108.47
2022-08-10,105,2022,8,10,Wednesday,0,3,105.86,108.73
2022-08-11,139,2022,8,11,Thursday,0,3,103.86,108.8
2022-08-12,117,2022,8,12,Friday,0,3,101.71,108.8
2022-08-13,78,2022,8,13,Saturday,1,3,103.43,107.77
2022-08-14,60,2022,8,14,Sunday,1,3,106.0,106.37
2022-08-15,164,2022,8,15,Monday,0,3,111.43,109.77
2022-08-16,197,2022,8,16,Tuesday,0,3,122.86,114.4
2022-08-17,227,2022,8,17,Wednesday,0,3,140.29,117.37
2022-08-18,200,2022,8,18,Thursday,0,3,149.0,120.67
2022-08-19,186,2022,8,19,Friday,0,3,158.86,122.53
2022-08-20,96,2022,8,20,Saturday,1,3,161.43,122.2
2022-08-21,81,2022,8,21,Sunday,1,3,164.43,120.83
2022-08-22,232,2022,8,22,Monday,0,3,174.14,125.73
2022-08-23,212,2022,8,23,Tuesday,0,3,176.29,131.37
2022-08-24,237,2022,8,24,Wednesday,0,3,177.71,135.47
2022-08-25,224,2022,8,25,Thursday,0,3,181.14,138.67
2022-08-26,249,2022,8,26,Friday,0,3,190.14,142.27
2022-08-27,108,2022,8,27,Saturday,1,3,191.86,141.17
2022-08-28,80,2022,8,28,Sunday,1,3,191.71,139.97
2022-08-29,227,2022,8,29,Monday,0,3,191.0,144.33
2022-08-30,262,2022,8,30,Tuesday,0,3,198.14,150.93
2022-08-31,240,2022,8,31,Wednesday,0,3,198.57,155.07
2022-09-01,196,2022,9,1,Thursday,0,3,194.57,156.6
2022-09-02,145,2022,9,2,Friday,0,3,179.71,156.6
2022-09-03,100,2022,9,3,Saturday,1,3,178.57,154.83
2022-09-04,75,2022,9,4,Sunday,1,3,177.86,152.93
2022-09-05,185,2022,9,5,Monday,0,3,171.86,156.9
2022-09-06,133,2022,9,6,Tuesday,0,3,153.43,159.93
2022-09-07,169,2022,9,7,Wednesday,0,3,143.29,161.37
2022-09-08,150,2022,9,8,Thursday,0,3,136.71,162.47
2022-09-09,124,2022,9,9,Friday,0,3,133.71,163.1
2022-09-10,76,2022,9,10,Saturday,1,3,130.29,161.0
2022-09-11,74,2022,9,11,Sunday,1,3,130.14,159.57
2022-09-12,170,2022,9,12,Monday,0,3,128.0,162.63
2022-09-13,177,2022,9,13,Tuesday,0,3,134.29,166.53
2022-09-14,123,2022,9,14,Wednesday,0,3,127.71,165.17
2022-09-15,150,2022,9,15,Thursday,0,3,127.71,163.6
2022-09-16,122,2022,9,16,Friday,0,3,127.43,160.1
2022-09-17,73,2022,9,17,Saturday,1,3,127.0,155.87
2022-09-18,56,2022,9,18,Sunday,1,3,124.43,151.53
2022-09-19,132,2022,9,19,Monday,0,3,119.0,152.73
2022-09-20,173,2022,9,20,Tuesday,0,3,118.43,155.8
2022-09-21,140,2022,9,21,Wednesday,0,3,120.86,152.73
2022-09-22,146,2022,9,22,Thursday,0,3,120.29,150.53
2022-09-23,167,2022,9,23,Friday,0,3,126.71,148.2
2022-09-24,103,2022,9,24,Saturday,1,3,131.0,144.17
2022-09-25,59,2022,9,25,Sunday,1,3,131.43,137.83
2022-09-26,192,2022,9,26,Monday,0,3,140.0,140.63
2022-09-27,206,2022,9,27,Tuesday,0,3,144.71,144.83
2022-09-28,140,2022,9,28,Wednesday,0,3,144.71,141.93
2022-09-29,176,2022,9,29,Thursday,0,3,149.0,139.07
2022-09-30,143,2022,9,30,Friday,0,3,145.57,135.83
2022-10-01,89,2022,10,1,Saturday,1,4,143.57,132.27
2022-10-02,75,2022,10,2,Sunday,1,4,145.86,129.93
2022-10-03,137,2022,10,3,Monday,0,4,138.0,131.17
2022-10-04,197,2022,10,4,Tuesday,0,4,136.71,135.23
2022-10-05,177,2022,10,5,Wednesday,0,4,142.0,134.97
2022-10-06,145,2022,10,6,Thursday,0,4,137.57,135.37
2022-10-07,119,2022,10,7,Friday,0,4,134.14,133.7
2022-10-08,87,2022,10,8,Saturday,1,4,133.86,131.6
2022-10-09,63,2022,10,9,Sunday,1,4,132.14,129.57
2022-10-10,142,2022,10,10,Monday,0,4,132.86,131.77
2022-10-11,126,2022,10,11,Tuesday,0,4,122.71,133.5
2022-10-12,125,2022,10,12,Wednesday,0,4,115.29,132.0
2022-10-13,155,2022,10,13,Thursday,0,4,116.71,131.27
2022-10-14,166,2022,10,14,Friday,0,4,123.43,132.7
2022-10-15,74,2022,10,15,Saturday,1,4,121.57,130.17
2022-10-16,71,2022,10,16,Sunday,1,4,122.71,128.47
2022-10-17,130,2022,10,17,Monday,0,4,121.0,130.37
2022-10-18,122,2022,10,18,Tuesday,0,4,120.43,132.57
2022-10-19,157,2022,10,19,Wednesday,0,4,125.0,133.4
2022-10-20,161,2022,10,20,Thursday,0,4,125.86,133.0
2022-10-21,138,2022,10,21,Friday,0,4,121.86,132.93
2022-10-22,66,2022,10,22,Saturday,1,4,120.71,130.27
2022-10-23,58,2022,10,23,Sunday,1,4,118.86,126.63
2022-10-24,118,2022,10,24,Monday,0,4,117.14,127.13
2022-10-25,180,2022,10,25,Tuesday,0,4,125.43,131.17
2022-10-26,165,2022,10,26,Wednesday,0,4,126.57,130.27
2022-10-27,172,2022,10,27,Thursday,0,4,128.14,129.13
2022-10-28,159,2022,10,28,Friday,0,4,131.14,129.77
2022-10-29,90,2022,10,29,Saturday,1,4,134.57,126.9
2022-10-30,75,2022,10,30,Sunday,1,4,137.0,124.63
2022-10-31,186,2022,10,31,Monday,0,4,146.71,127.87
2022-11-01,169,2022,11,1,Tuesday,0,4,145.14,131.0
2022-11-02,152,2022,11,2,Wednesday,0,4,143.29,131.5
2022-11-03,165,2022,11,3,Thursday,0,4,142.29,130.43
2022-11-04,176,2022,11,4,Friday,0,4,144.71,130.4
2022-11-05,95,2022,11,5,Saturday,1,4,145.43,128.73
2022-11-06,45,2022,11,6,Sunday,1,4,141.14,126.27
2022-11-07,143,2022,11,7,Monday,0,4,135.0,128.13
2022-11-08,148,2022,11,8,Tuesday,0,4,132.0,130.97
2022-11-09,159,2022,11,9,Wednesday,0,4,133.0,131.53
2022-11-10,126,2022,11,10,Thursday,0,4,127.43,131.53
2022-11-11,143,2022,11,11,Friday,0,4,122.71,132.13
2022-11-12,81,2022,11,12,Saturday,1,4,120.71,129.67
2022-11-13,65,2022,11,13,Sunday,1,4,123.57,126.3
2022-11-14,144,2022,11,14,Monday,0,4,123.71,128.63
2022-11-15,143,2022,11,15,Tuesday,0,4,123.0,131.03
2022-11-16,118,2022,11,16,Wednesday,0,4,117.14,130.63
2022-11-17,122,2022,11,17,Thursday,0,4,116.57,130.63
2022-11-18,136,2022,11,18,Friday,0,4,115.57,129.93
2022-11-19,87,2022,11,19,Saturday,1,4,116.43,127.47
2022-11-20,93,2022,11,20,Sunday,1,4,120.43,125.97
2022-11-21,188,2022,11,21,Monday,0,4,126.71,130.03
2022-11-22,208,2022,11,22,Tuesday,0,4,136.0,135.03
2022-11-23,217,2022,11,23,Wednesday,0,4,150.14,138.33
2022-11-24,266,2022,11,24,Thursday,0,4,170.71,141.2
2022-11-25,250,2022,11,25,Friday,0,4,187.0,144.03
2022-11-26,161,2022,11,26,Saturday,1,4,197.57,143.67
2022-11-27,109,2022,11,27,Sunday,1,4,199.86,142.0
2022-11-28,269,2022,11,28,Monday,0,4,211.43,147.97
2022-11-29,297,2022,11,29,Tuesday,0,4,224.14,155.37
2022-11-30,217,2022,11,30,Wednesday,0,4,224.14,156.4
2022-12-01,203,2022,12,1,Thursday,0,4,215.14,157.53
2022-12-02,186,2022,12,2,Friday,0,4,206.0,158.67
2022-12-03,107,2022,12,3,Saturday,1,4,198.29,156.73
2022-12-04,89,2022,12,4,Sunday,1,4,195.43,153.83
2022-12-05,190,2022,12,5,Monday,0,4,184.14,157.0
2022-12-06,191,2022,12,6,Tuesday,0,4,169.0,161.87
2022-12-07,152,2022,12,7,Wednesday,0,4,159.71,162.17
2022-12-08,159,2022,12,8,Thursday,0,4,153.43,162.53
2022-12-09,177,2022,12,9,Friday,0,4,152.14,163.13
2022-12-10,122,2022,12,10,Saturday,1,4,154.29,163.0
2022-12-11,86,2022,12,11,Sunday,1,4,153.86,161.1
2022-12-12,146,2022,12,12,Monday,0,4,147.57,163.27
2022-12-13,169,2022,12,13,Tuesday,0,4,144.43,166.73
2022-12-14,170,2022,12,14,Wednesday,0,4,147.0,167.6
2022-12-15,197,2022,12,15,Thursday,0,4,152.43,169.4
2022-12-16,182,2022,12,16,Friday,0,4,153.14,171.53
2022-12-17,100,2022,12,17,Saturday,1,4,150.0,170.8
2022-12-18,80,2022,12,18,Sunday,1,4,149.14,168.93
2022-12-19,152,2022,12,19,Monday,0,4,150.0,171.1
2022-12-20,149,2022,12,20,Tuesday,0,4,147.14,172.97
2022-12-21,170,2022,12,21,Wednesday,0,4,147.14,172.37
2022-12-22,197,2022,12,22,Thursday,0,4,147.14,172.0
2022-12-23,139,2022,12,23,Friday,0,4,141.0,169.4
2022-12-24,115,2022,12,24,Saturday,1,4,143.14,164.37
2022-12-25,52,2022,12,25,Sunday,1,4,139.14,157.77
2022-12-26,139,2022,12,26,Monday,0,4,137.29,157.03
2022-12-27,113,2022,12,27,Tuesday,0,4,132.14,157.17
2022-12-28,143,2022,12,28,Wednesday,0,4,128.29,152.97
2022-12-29,116,2022,12,29,Thursday,0,4,116.71,146.93
2022-12-30,141,2022,12,30,Friday,0,4,117.0,144.4
2022-12-31,69,2022,12,31,Saturday,1,4,110.43,139.93
2023-01-01,63,2023,1,1,Sunday,1,1,112.0,135.83
2023-01-02,169,2023,1,2,Monday,0,1,116.29,137.9
2023-01-03,195,2023,1,3,Tuesday,0,1,128.0,141.43
2023-01-04,171,2023,1,4,Wednesday,0,1,132.0,140.8
2023-01-05,138,2023,1,5,Thursday,0,1,135.14,139.03
2023-01-06,112,2023,1,6,Friday,0,1,131.0,137.7
2023-01-07,79,2023,1,7,Saturday,1,1,132.43,135.03
2023-01-08,50,2023,1,8,Sunday,1,1,130.57,130.8
2023-01-09,143,2023,1,9,Monday,0,1,126.86,131.5
2023-01-10,110,2023,1,10,Tuesday,0,1,114.71,132.3
2023-01-11,90,2023,1,11,Wednesday,0,1,103.14,130.43
2023-01-12,106,2023,1,12,Thursday,0,1,98.57,128.33
2023-01-13,105,2023,1,13,Friday,0,1,97.57,126.17
2023-01-14,58,2023,1,14,Saturday,1,1,94.57,121.53
2023-01-15,34,2023,1,15,Sunday,1,1,92.29,116.6
2023-01-16,89,2023,1,16,Monday,0,1,84.57,116.23
2023-01-17,82,2023,1,17,Tuesday,0,1,80.57,116.3
2023-01-18,80,2023,1,18,Wednesday,0,1,79.14,113.9
2023-01-19,96,2023,1,19,Thursday,0,1,77.71,112.13
2023-01-20,86,2023,1,20,Friday,0,1,75.0,109.33
2023-01-21,55,2023,1,21,Saturday,1,1,74.57,104.6
2023-01-22,40,2023,1,22,Sunday,1,1,75.43,101.3
2023-01-23,89,2023,1,23,Monday,0,1,75.43,100.43
2023-01-24,94,2023,1,24,Tuesday,0,1,77.14,101.83
2023-01-25,91,2023,1,25,Wednesday,0,1,78.71,100.23
2023-01-26,114,2023,1,26,Thursday,0,1,81.29,100.27
2023-01-27,110,2023,1,27,Friday,0,1,84.71,99.17
2023-01-28,59,2023,1,28,Saturday,1,1,85.29,97.27
2023-01-29,50,2023,1,29,Sunday,1,1,86.71,94.23
2023-01-30,109,2023,1,30,Monday,0,1,89.57,95.57
2023-01-31,110,2023,1,31,Tuesday,0,1,91.86,97.13
2023-02-01,125,2023,2,1,Wednesday,0,1,96.71,95.67
2023-02-02,123,2023,2,2,Thursday,0,1,98.0,93.27
2023-02-03,108,2023,2,3,Friday,0,1,97.71,91.17
2023-02-04,53,2023,2,4,Saturday,1,1,96.86,88.33
2023-02-05,51,2023,2,5,Sunday,1,1,97.0,86.3
2023-02-06,84,2023,2,6,Monday,0,1,93.43,86.47
2023-02-07,81,2023,2,7,Tuesday,0,1,89.29,87.5
2023-02-08,104,2023,2,8,Wednesday,0,1,86.29,86.2
2023-02-09,104,2023,2,9,Thursday,0,1,83.57,86.0
2023-02-10,106,2023,2,10,Friday,0,1,83.29,86.53
2023-02-11,56,2023,2,11,Saturday,1,1,83.71,84.87
2023-02-12,42,2023,2,12,Sunday,1,1,82.43,82.77
2023-02-13,83,2023,2,13,Monday,0,1,82.29,83.6
2023-02-14,100,2023,2,14,Tuesday,0,1,85.0,85.8
2023-02-15,94,2023,2,15,Wednesday,0,1,83.57,85.97
2023-02-16,73,2023,2,16,Thursday,0,1,79.14,85.67
2023-02-17,83,2023,2,17,Friday,0,1,75.86,85.77
2023-02-18,47,2023,2,18,Saturday,1,1,74.57,84.13
2023-02-19,35,2023,2,19,Sunday,1,1,73.57,82.43
2023-02-20,94,2023,2,20,Monday,0,1,75.14,83.73
2023-02-21,101,2023,2,21,Tuesday,0,1,75.29,85.77
2023-02-22,103,2023,2,22,Wednesday,0,1,76.57,86.23
2023-02-23,88,2023,2,23,Thursday,0,1,78.71,86.03
2023-02-24,86,2023,2,24,Friday,0,1,79.14,85.87
2023-02-25,63,2023,2,25,Saturday,1,1,81.43,84.17
2023-02-26,44,2023,2,26,Sunday,1,1,82.71,81.97
2023-02-27,88,2023,2,27,Monday,0,1,81.86,82.93
2023-02-28,112,2023,2,28,Tuesday,0,1,83.43,85.0
2023-03-01,113,2023,3,1,Wednesday,0,1,84.86,85.13
2023-03-02,104,2023,3,2,Thursday,0,1,87.14,84.93
2023-03-03,115,2023,3,3,Friday,0,1,91.29,84.6
2023-03-04,61,2023,3,4,Saturday,1,1,91.0,82.53
2023-03-05,44,2023,3,5,Sunday,1,1,91.0,80.4
2023-03-06,102,2023,3,6,Monday,0,1,93.0,82.03
2023-03-07,92,2023,3,7,Tuesday,0,1,90.14,83.4
2023-03-08,99,2023,3,8,Wednesday,0,1,88.14,83.9
2023-03-09,114,2023,3,9,Thursday,0,1,89.57,85.0
2023-03-10,97,2023,3,10,Friday,0,1,87.0,84.77
2023-03-11,56,2023,3,11,Saturday,1,1,86.29,83.17
2023-03-12,40,2023,3,12,Sunday,1,1,85.71,80.97
2023-03-13,119,2023,3,13,Monday,0,1,88.14,83.07
2023-03-14,118,2023,3,14,Tuesday,0,1,91.86,85.6
2023-03-15,100,2023,3,15,Wednesday,0,1,92.0,86.17
2023-03-16,112,2023,3,16,Thursday,0,1,91.71,86.57
2023-03-17,87,2023,3,17,Friday,0,1,90.29,86.33
2023-03-18,55,2023,3,18,Saturday,1,1,90.14,85.73
2023-03-19,42,2023,3,19,Sunday,1,1,90.43,84.37
2023-03-20,126,2023,3,20,Monday,0,1,91.43,87.0
2023-03-21,105,2023,3,21,Tuesday,0,1,89.57,89.33
2023-03-22,114,2023,3,22,Wednesday,0,1,91.57,90.0
2023-03-23,121,2023,3,23,Thursday,0,1,92.86,90.67
2023-03-24,93,2023,3,24,Friday,0,1,93.71,90.33
2023-03-25,61,2023,3,25,Saturday,1,1,94.57,89.43
2023-03-26,60,2023,3,26,Sunday,1,1,97.14,88.57
2023-03-27,103,2023,3,27,Monday,0,1,93.86,89.9
2023-03-28,118,2023,3,28,Tuesday,0,1,95.71,92.37
2023-03-29,151,2023,3,29,Wednesday,0,1,101.0,94.47
2023-03-30,149,2023,3,30,Thursday,0,1,105.0,95.7
2023-03-31,153,2023,3,31,Friday,0,1,113.57,97.03
2023-04-01,88,2023,4,1,Saturday,1,2,117.43,96.5
2023-04-02,48,2023,4,2,Sunday,1,2,115.71,94.27
2023-04-03,146,2023,4,3,Monday,0,2,121.86,97.1
2023-04-04,141,2023,4,4,Tuesday,0,2,125.14,100.33
2023-04-05,126,2023,4,5,Wednesday,0,2,121.57,101.13
2023-04-06,134,2023,4,6,Thursday,0,2,119.43,102.53
2023-04-07,115,2023,4,7,Friday,0,2,114.0,103.07
2023-04-08,73,2023,4,8,Saturday,1,2,111.86,101.7
2023-04-09,41,2023,4,9,Sunday,1,2,110.86,99.83
2023-04-10,121,2023,4,10,Monday,0,2,107.29,102.0
2023-04-11,98,2023,4,11,Tuesday,0,2,101.14,103.93
2023-04-12,131,2023,4,12,Wednesday,0,2,101.86,104.33
2023-04-13,109,2023,4,13,Thursday,0,2,98.29,104.03
2023-04-14,97,2023,4,14,Friday,0,2,95.71,103.93
2023-04-15,75,2023,4,15,Saturday,1,2,96.0,102.7
2023-04-16,60,2023,4,16,Sunday,1,2,98.71,101.8
2023-04-17,102,2023,4,17,Monday,0,2,96.0,103.37
2023-04-18,136,2023,4,18,Tuesday,0,2,101.43,106.5
2023-04-19,146,2023,4,19,Wednesday,0,2,103.57,107.17
2023-04-20,105,2023,4,20,Thursday,0,2,103.0,107.17
2023-04-21,148,2023,4,21,Friday,0,2,110.29,108.3
2023-04-22,76,2023,4,22,Saturday,1,2,110.43,106.8
2023-04-23,52,2023,4,23,Sunday,1,2,109.29,105.43
2023-04-24,146,2023,4,24,Monday,0,2,115.57,108.27
2023-04-25,148,2023,4,25,Tuesday,0,2,117.29,111.2
2023-04-26,162,2023,4,26,Wednesday,0,2,119.57,113.17
2023-04-27,169,2023,4,27,Thursday,0,2,128.71,114.87
2023-04-28,130,2023,4,28,Friday,0,2,126.14,114.17
2023-04-29,88,2023,4,29,Saturday,1,2,127.86,112.13
2023-04-30,50,2023,4,30,Sunday,1,2,127.57,108.7
2023-05-01,128,2023,5,1,Monday,0,2,125.0,110.03
2023-05-02,135,2023,5,2,Tuesday,0,2,123.14,112.93
2023-05-03,141,2023,5,3,Wednesday,0,2,120.14,112.77
2023-05-04,122,2023,5,4,Thursday,0,2,113.43,112.13
2023-05-05,123,2023,5,5,Friday,0,2,112.43,112.03
2023-05-06,64,2023,5,6,Saturday,1,2,109.0,109.7
2023-05-07,40,2023,5,7,Sunday,1,2,107.57,107.2
2023-05-08,117,2023,5,8,Monday,0,2,106.0,108.67
2023-05-09,136,2023,5,9,Tuesday,0,2,106.14,111.83
2023-05-10,110,2023,5,10,Wednesday,0,2,101.71,111.47
2023-05-11,110,2023,5,11,Thursday,0,2,100.0,111.87
2023-05-12,94,2023,5,12,Friday,0,2,95.86,110.63
2023-05-13,69,2023,5,13,Saturday,1,2,96.57,109.3
2023-05-14,45,2023,5,14,Sunday,1,2,97.29,107.57
2023-05-15,95,2023,5,15,Monday,0,2,94.14,108.23
2023-05-16,97,2023,5,16,Tuesday,0,2,88.57,109.47
2023-05-17,96,2023,5,17,Wednesday,0,2,86.57,109.27
2023-05-18,110,2023,5,18,Thursday,0,2,86.57,108.4
2023-05-19,100,2023,5,19,Friday,0,2,87.43,106.87
2023-05-20,57,2023,5,20,Saturday,1,2,85.71,105.27
2023-05-21,55,2023,5,21,Sunday,1,2,87.14,102.17
2023-05-22,124,2023,5,22,Monday,0,2,91.29,103.77
2023-05-23,137,2023,5,23,Tuesday,0,2,97.0,106.6
2023-05-24,124,2023,5,24,Wednesday,0,2,101.0,105.87
2023-05-25,117,2023,5,25,Thursday,0,2,102.0,104.83
2023-05-26,121,2023,5,26,Friday,0,2,105.0,103.47
2023-05-27,73,2023,5,27,Saturday,1,2,107.29,100.27
2023-05-28,51,2023,5,28,Sunday,1,2,106.71,97.63
2023-05-29,159,2023,5,29,Monday,0,2,111.71,100.0
2023-05-30,149,2023,5,30,Tuesday,0,2,113.43,103.3
2023-05-31,151,2023,5,31,Wednesday,0,2,117.29,104.07
2023-06-01,137,2023,6,1,Thursday,0,2,120.14,104.13
2023-06-02,139,2023,6,2,Friday,0,2,122.71,104.07
2023-06-03,76,2023,6,3,Saturday,1,2,123.14,102.53
2023-06-04,65,2023,6,4,Sunday,1,2,125.14,100.6
2023-06-05,167,2023,6,5,Monday,0,2,126.29,104.03
2023-06-06,139,2023,6,6,Tuesday,0,2,124.86,107.33
2023-06-07,130,2023,6,7,Wednesday,0,2,121.86,107.77
2023-06-08,140,2023,6,8,Thursday,0,2,122.29,107.9
2023-06-09,136,2023,6,9,Friday,0,2,121.86,108.77
2023-06-10,82,2023,6,10,Saturday,1,2,122.71,107.83
2023-06-11,58,2023,6,11,Sunday,1,2,121.71,106.63
2023-06-12,128,2023,6,12,Monday,0,2,116.14,108.6
2023-06-13,157,2023,6,13,Tuesday,0,2,118.71,112.33
2023-06-14,130,2023,6,14,Wednesday,0,2,118.71,113.5
2023-06-15,159,2023,6,15,Thursday,0,2,121.43,115.57
2023-06-16,167,2023,6,16,Friday,0,2,125.86,117.93
2023-06-17,71,2023,6,17,Saturday,1,2,124.29,116.63
2023-06-18,62,2023,6,18,Sunday,1,2,124.86,115.37
2023-06-19,128,2023,6,19,Monday,0,2,124.86,117.73
2023-06-20,127,2023,6,20,Tuesday,0,2,120.57,120.13
2023-06-21,165,2023,6,21,Wednesday,0,2,125.57,121.5
2023-06-22,140,2023,6,22,Thursday,0,2,122.86,121.6
2023-06-23,171,2023,6,23,Friday,0,2,123.43,123.17
2023-06-24,89,2023,6,24,Saturday,1,2,126.0,122.23
2023-06-25,65,2023,6,25,Sunday,1,2,126.43,120.37
2023-06-26,156,2023,6,26,Monday,0,2,130.43,123.13
2023-06-27,197,2023,6,27,Tuesday,0,2,140.43,128.0
2023-06-28,161,2023,6,28,Wednesday,0,2,139.86,128.07
2023-06-29,159,2023,6,29,Thursday,0,2,142.57,128.4
2023-06-30,202,2023,6,30,Friday,0,2,147.0,130.1
2023-07-01,83,2023,7,1,Saturday,1,3,146.14,128.3
2023-07-02,50,2023,7,2,Sunday,1,3,144.0,125.33
2023-07-03,152,2023,7,3,Monday,0,3,143.43,127.87
2023-07-04,154,2023,7,4,Tuesday,0,3,137.29,130.83
2023-07-05,175,2023,7,5,Wednesday,0,3,139.29,131.1
2023-07-06,156,2023,7,6,Thursday,0,3,138.86,131.67
2023-07-07,108,2023,7,7,Friday,0,3,125.43,130.93
2023-07-08,63,2023,7,8,Saturday,1,3,122.57,128.37
2023-07-09,56,2023,7,9,Sunday,1,3,123.43,125.7
2023-07-10,121,2023,7,10,Monday,0,3,119.0,127.0
2023-07-11,115,2023,7,11,Tuesday,0,3,113.43,128.9
2023-07-12,128,2023,7,12,Wednesday,0,3,106.71,128.9
2023-07-13,129,2023,7,13,Thursday,0,3,102.86,127.97
2023-07-14,140,2023,7,14,Friday,0,3,107.43,128.3
2023-07-15,79,2023,7,15,Saturday,1,3,109.71,125.63
2023-07-16,53,2023,7,16,Sunday,1,3,109.29,121.83
2023-07-17,129,2023,7,17,Monday,0,3,110.43,123.77
2023-07-18,151,2023,7,18,Tuesday,0,3,115.57,126.73
2023-07-19,131,2023,7,19,Wednesday,0,3,116.0,126.83
2023-07-20,111,2023,7,20,Thursday,0,3,113.43,126.3
2023-07-21,111,2023,7,21,Friday,0,3,109.29,124.5
2023-07-22,90,2023,7,22,Saturday,1,3,110.86,122.83
2023-07-23,52,2023,7,23,Sunday,1,3,110.71,118.87
2023-07-24,140,2023,7,24,Monday,0,3,112.29,120.57
2023-07-25,149,2023,7,25,Tuesday,0,3,112.0,123.37
2023-07-26,187,2023,7,26,Wednesday,0,3,120.0,124.4
2023-07-27,145,2023,7,27,Thursday,0,3,124.86,122.67
2023-07-28,185,2023,7,28,Friday,0,3,135.43,123.47
2023-07-29,93,2023,7,29,Saturday,1,3,135.86,121.27
2023-07-30,61,2023,7,30,Sunday,1,3,137.14,116.57
2023-07-31,144,2023,7,31,Monday,0,3,137.71,118.6
2023-08-01,173,2023,8,1,Tuesday,0,3,141.14,122.7
2023-08-02,181,2023,8,2,Wednesday,0,3,140.29,123.67
2023-08-03,186,2023,8,3,Thursday,0,3,146.14,124.73
2023-08-04,152,2023,8,4,Friday,0,3,141.43,123.97
2023-08-05,96,2023,8,5,Saturday,1,3,141.86,121.97
2023-08-06,48,2023,8,6,Sunday,1,3,140.0,119.97
2023-08-07,120,2023,8,7,Monday,0,3,136.57,121.87
2023-08-08,145,2023,8,8,Tuesday,0,3,132.57,124.83
2023-08-09,131,2023,8,9,Wednesday,0,3,125.43,125.17
2023-08-10,126,2023,8,10,Thursday,0,3,116.86,125.53
2023-08-11,132,2023,8,11,Friday,0,3,114.0,125.67
2023-08-12,73,2023,8,12,Saturday,1,3,110.71,123.8
2023-08-13,48,2023,8,13,Sunday,1,3,110.71,120.73
2023-08-14,121,2023,8,14,Monday,0,3,110.86,122.13
2023-08-15,195,2023,8,15,Tuesday,0,3,118.0,126.87
2023-08-16,209,2023,8,16,Wednesday,0,3,129.14,129.53
2023-08-17,188,2023,8,17,Thursday,0,3,138.0,130.77
2023-08-18,191,2023,8,18,Friday,0,3,146.43,132.77
2023-08-19,142,2023,8,19,Saturday,1,3,156.29,133.8
2023-08-20,93,2023,8,20,Sunday,1,3,162.71,133.2
2023-08-21,261,2023,8,21,Monday,0,3,182.71,138.9
2023-08-22,190,2023,8,22,Tuesday,0,3,182.0,143.5
2023-08-23,208,2023,8,23,Wednesday,0,3,181.86,145.77
2023-08-24,239,2023,8,24,Thursday,0,3,189.14,148.77
2023-08-25,256,2023,8,25,Friday,0,3,198.43,151.07
2023-08-26,153,2023,8,26,Saturday,1,3,200.0,151.33
2023-08-27,111,2023,8,27,Sunday,1,3,202.57,148.87
2023-08-28,261,2023,8,28,Monday,0,3,202.57,154.47
2023-08-29,269,2023,8,29,Tuesday,0,3,213.86,161.4
2023-08-30,251,2023,8,30,Wednesday,0,3,220.0,164.97
2023-08-31,262,2023,8,31,Thursday,0,3,223.29,167.93
2023-09-01,229,2023,9,1,Friday,0,3,219.43,169.53
2023-09-02,99,2023,9,2,Saturday,1,3,211.71,166.63
2023-09-03,71,2023,9,3,Sunday,1,3,206.0,163.93
2023-09-04,199,2023,9,4,Monday,0,3,197.14,167.37
2023-09-05,160,2023,9,5,Tuesday,0,3,181.57,171.1
2023-09-06,189,2023,9,6,Wednesday,0,3,172.71,173.4
2023-09-07,157,2023,9,7,Thursday,0,3,157.71,173.8
2023-09-08,164,2023,9,8,Friday,0,3,148.43,174.9
2023-09-09,81,2023,9,9,Saturday,1,3,145.86,173.4
2023-09-10,64,2023,9,10,Sunday,1,3,144.86,171.13
2023-09-11,145,2023,9,11,Monday,0,3,137.14,173.53
2023-09-12,200,2023,9,12,Tuesday,0,3,142.86,178.6
2023-09-13,196,2023,9,13,Wednesday,0,3,143.86,181.1
2023-09-14,155,2023,9,14,Thursday,0,3,143.57,179.77
2023-09-15,195,2023,9,15,Friday,0,3,148.0,179.3
2023-09-16,115,2023,9,16,Saturday,1,3,152.86,176.87
2023-09-17,79,2023,9,17,Sunday,1,3,155.0,173.13
2023-09-18,157,2023,9,18,Monday,0,3,156.71,173.63
2023-09-19,180,2023,9,19,Tuesday,0,3,153.86,176.53
2023-09-20,178,2023,9,20,Wednesday,0,3,151.29,173.77
2023-09-21,177,2023,9,21,Thursday,0,3,154.43,173.33
2023-09-22,188,2023,9,22,Friday,0,3,153.43,172.67
2023-09-23,107,2023,9,23,Saturday,1,3,152.29,168.27
2023-09-24,71,2023,9,24,Sunday,1,3,151.14,162.1
2023-09-25,187,2023,9,25,Monday,0,3,155.43,163.23
2023-09-26,208,2023,9,26,Tuesday,0,3,159.43,166.47
2023-09-27,218,2023,9,27,Wednesday,0,3,165.14,165.03
2023-09-28,173,2023,9,28,Thursday,0,3,164.57,161.83
2023-09-29,224,2023,9,29,Friday,0,3,169.71,160.93
2023-09-30,116,2023,9,30,Saturday,1,3,171.0,156.07
2023-10-01,78,2023,10,1,Sunday,1,4,172.0,151.03
2023-10-02,219,2023,10,2,Monday,0,4,176.57,155.03
2023-10-03,213,2023,10,3,Tuesday,0,4,177.29,159.77
2023-10-04,171,2023,10,4,Wednesday,0,4,170.57,158.83
2023-10-05,222,2023,10,5,Thursday,0,4,177.57,160.9
2023-10-06,149,2023,10,6,Friday,0,4,166.86,159.57
2023-10-07,77,2023,10,7,Saturday,1,4,161.29,156.9
2023-10-08,64,2023,10,8,Sunday,1,4,159.29,153.57
2023-10-09,145,2023,10,9,Monday,0,4,148.71,155.7
2023-10-10,172,2023,10,10,Tuesday,0,4,142.86,159.3
2023-10-11,139,2023,10,11,Wednesday,0,4,138.29,159.1
2023-10-12,172,2023,10,12,Thursday,0,4,131.14,158.17
2023-10-13,165,2023,10,13,Friday,0,4,133.43,157.13
2023-10-14,81,2023,10,14,Saturday,1,4,134.0,154.67
2023-10-15,54,2023,10,15,Sunday,1,4,132.57,149.97
2023-10-16,160,2023,10,16,Monday,0,4,134.71,151.47
2023-10-17,137,2023,10,17,Tuesday,0,4,129.71,153.4
2023-10-18,149,2023,10,18,Wednesday,0,4,131.14,153.13
2023-10-19,180,2023,10,19,Thursday,0,4,132.29,153.13
2023-10-20,189,2023,10,20,Friday,0,4,135.71,153.5
2023-10-21,81,2023,10,21,Saturday,1,4,135.71,150.3
2023-10-22,67,2023,10,22,Sunday,1,4,137.57,146.27
2023-10-23,156,2023,10,23,Monday,0,4,137.0,147.9
2023-10-24,172,2023,10,24,Tuesday,0,4,142.0,151.27
2023-10-25,171,2023,10,25,Wednesday,0,4,145.14,150.73
2023-10-26,163,2023,10,26,Thursday,0,4,142.71,149.23
2023-10-27,149,2023,10,27,Friday,0,4,137.0,146.93
2023-10-28,110,2023,10,28,Saturday,1,4,141.14,144.83
2023-10-29,83,2023,10,29,Sunday,1,4,143.43,140.13
2023-10-30,168,2023,10,30,Monday,0,4,145.14,141.87
2023-10-31,173,2023,10,31,Tuesday,0,4,145.29,145.03
2023-11-01,179,2023,11,1,Wednesday,0,4,146.43,143.7
2023-11-02,158,2023,11,2,Thursday,0,4,145.71,141.87
2023-11-03,184,2023,11,3,Friday,0,4,150.71,142.3
2023-11-04,96,2023,11,4,Saturday,1,4,148.71,138.1
2023-11-05,78,2023,11,5,Sunday,1,4,148.0,135.73
2023-11-06,152,2023,11,6,Monday,0,4,145.71,138.23
2023-11-07,134,2023,11,7,Tuesday,0,4,140.14,140.57
2023-11-08,148,2023,11,8,Wednesday,0,4,135.71,140.67
2023-11-09,137,2023,11,9,Thursday,0,4,132.71,139.5
2023-11-10,155,2023,11,10,Friday,0,4,128.57,140.03
2023-11-11,90,2023,11,11,Saturday,1,4,127.71,137.3
2023-11-12,69,2023,11,12,Sunday,1,4,126.43,134.1
2023-11-13,147,2023,11,13,Monday,0,4,125.71,136.3
2023-11-14,160,2023,11,14,Tuesday,0,4,129.43,139.83
2023-11-15,163,2023,11,15,Wednesday,0,4,131.57,139.93
2023-11-16,153,2023,11,16,Thursday,0,4,133.86,140.47
2023-11-17,147,2023,11,17,Friday,0,4,132.71,140.4
2023-11-18,98,2023,11,18,Saturday,1,4,133.86,137.67
2023-11-19,53,2023,11,19,Sunday,1,4,131.57,133.13
2023-11-20,210,2023,11,20,Monday,0,4,140.57,137.43
2023-11-21,303,2023,11,21,Tuesday,0,4,161.0,145.3
2023-11-22,222,2023,11,22,Wednesday,0,4,169.43,147.5
2023-11-23,204,2023,11,23,Thursday,0,4,176.71,148.57
2023-11-24,239,2023,11,24,Friday,0,4,189.86,150.83
2023-11-25,150,2023,11,25,Saturday,1,4,197.29,150.4
2023-11-26,110,2023,11,26,Sunday,1,4,205.43,149.1
2023-11-27,302,2023,11,27,Monday,0,4,218.57,155.5
2023-11-28,290,2023,11,28,Tuesday,0,4,216.71,162.4
2023-11-29,294,2023,11,29,Wednesday,0,4,227.0,166.6
2023-11-30,284,2023,11,30,Thursday,0,4,238.43,170.3
2023-12-01,292,2023,12,1,Friday,0,4,246.0,174.07
2023-12-02,129,2023,12,2,Saturday,1,4,243.0,173.1
2023-12-03,113,2023,12,3,Sunday,1,4,243.43,170.73
2023-12-04,222,2023,12,4,Monday,0,4,232.0,174.93
2023-12-05,219,2023,12,5,Tuesday,0,4,221.86,179.63
2023-12-06,215,2023,12,6,Wednesday,0,4,210.57,181.73
2023-12-07,180,2023,12,7,Thursday,0,4,195.71,183.27
2023-12-08,202,2023,12,8,Friday,0,4,182.86,185.07
2023-12-09,138,2023,12,9,Saturday,1,4,184.14,185.1
2023-12-10,85,2023,12,10,Sunday,1,4,180.14,182.77
2023-12-11,164,2023,12,11,Monday,0,4,171.86,185.23
2023-12-12,174,2023,12,12,Tuesday,0,4,165.43,188.73
2023-12-13,180,2023,12,13,Wednesday,0,4,160.43,189.83
2023-12-14,231,2023,12,14,Thursday,0,4,167.71,192.2
2023-12-15,231,2023,12,15,Friday,0,4,171.86,194.47
2023-12-16,130,2023,12,16,Saturday,1,4,170.71,193.7
2023-12-17,68,2023,12,17,Sunday,1,4,168.29,191.07
2023-12-18,178,2023,12,18,Monday,0,4,170.29,193.73
2023-12-19,158,2023,12,19,Tuesday,0,4,168.0,197.23
2023-12-20,196,2023,12,20,Wednesday,0,4,170.29,196.77
2023-12-21,184,2023,12,21,Thursday,0,4,163.57,192.8
2023-12-22,215,2023,12,22,Friday,0,4,161.29,192.57
2023-12-23,112,2023,12,23,Saturday,1,4,158.71,189.5
2023-12-24,80,2023,12,24,Sunday,1,4,160.43,184.2
2023-12-25,148,2023,12,25,Monday,0,4,156.14,184.13
2023-12-26,120,2023,12,26,Tuesday,0,4,150.71,184.47
2023-12-27,140,2023,12,27,Wednesday,0,4,142.71,179.07
2023-12-28,131,2023,12,28,Thursday,0,4,135.14,173.77
2023-12-29,112,2023,12,29,Friday,0,4,120.43,167.7
2023-12-30,74,2023,12,30,Saturday,1,4,115.0,160.7
2023-12-31,61,2023,12,31,Sunday,1,4,112.29,153.0
2024-01-01,166,2024,1,1,Monday,0,1,114.86,154.23
2024-01-02,178,2024,1,2,Tuesday,0,1,123.14,156.4
2024-01-03,197,2024,1,3,Wednesday,0,1,131.29,155.57
2024-01-04,176,2024,1,4,Thursday,0,1,137.71,154.13
2024-01-05,163,2024,1,5,Friday,0,1,145.0,152.4
2024-01-06,106,2024,1,6,Saturday,1,1,149.57,149.93
2024-01-07,57,2024,1,7,Sunday,1,1,149.0,145.1
2024-01-08,164,2024,1,8,Monday,0,1,148.71,145.97
2024-01-09,131,2024,1,9,Tuesday,0,1,142.0,147.5
2024-01-10,171,2024,1,10,Wednesday,0,1,138.29,147.73
2024-01-11,122,2024,1,11,Thursday,0,1,130.57,146.0
2024-01-12,101,2024,1,12,Friday,0,1,121.71,143.37
2024-01-13,72,2024,1,13,Saturday,1,1,116.86,138.07
2024-01-14,49,2024,1,14,Sunday,1,1,115.71,132.0
2024-01-15,115,2024,1,15,Monday,0,1,108.71,131.5
2024-01-16,103,2024,1,16,Tuesday,0,1,104.71,132.67
2024-01-17,109,2024,1,17,Wednesday,0,1,95.86,130.37
2024-01-18,106,2024,1,18,Thursday,0,1,93.57,128.63
2024-01-19,95,2024,1,19,Friday,0,1,92.71,125.27
2024-01-20,64,2024,1,20,Saturday,1,1,91.57,121.27
2024-01-21,44,2024,1,21,Sunday,1,1,90.86,115.57
2024-01-22,105,2024,1,22,Monday,0,1,89.43,115.33
2024-01-23,120,2024,1,23,Tuesday,0,1,91.86,116.67
2024-01-24,84,2024,1,24,Wednesday,0,1,88.29,114.53
2024-01-25,112,2024,1,25,Thursday,0,1,89.14,114.27
2024-01-26,135,2024,1,26,Friday,0,1,94.86,114.1
2024-01-27,58,2024,1,27,Saturday,1,1,94.0,111.67
2024-01-28,53,2024,1,28,Sunday,1,1,95.29,109.7
2024-01-29,120,2024,1,29,Monday,0,1,97.43,111.23
2024-01-30,113,2024,1,30,Tuesday,0,1,96.43,112.97
2024-01-31,137,2024,1,31,Wednesday,0,1,104.0,112.0
2024-02-01,129,2024,2,1,Thursday,0,1,106.43,110.37
2024-02-02,133,2024,2,2,Friday,0,1,106.14,108.23
2024-02-03,71,2024,2,3,Saturday,1,1,108.0,104.73
2024-02-04,53,2024,2,4,Sunday,1,1,108.0,101.07
2024-02-05,132,2024,2,5,Monday,0,1,109.71,101.93
2024-02-06,92,2024,2,6,Tuesday,0,1,106.71,103.1
2024-02-07,109,2024,2,7,Wednesday,0,1,102.71,101.27
2024-02-08,94,2024,2,8,Thursday,0,1,97.71,100.03
2024-02-09,101,2024,2,9,Friday,0,1,93.14,97.7
2024-02-10,54,2024,2,10,Saturday,1,1,90.71,95.43
2024-02-11,34,2024,2,11,Sunday,1,1,88.0,93.2
2024-02-12,90,2024,2,12,Monday,0,1,82.0,93.8
2024-02-13,88,2024,2,13,Tuesday,0,1,81.43,95.1
2024-02-14,82,2024,2,14,Wednesday,0,1,77.57,94.0
2024-02-15,102,2024,2,15,Thursday,0,1,78.71,93.97
2024-02-16,87,2024,2,16,Friday,0,1,76.71,93.23
2024-02-17,55,2024,2,17,Saturday,1,1,76.86,91.53
2024-02-18,48,2024,2,18,Sunday,1,1,78.86,89.97
2024-02-19,113,2024,2,19,Monday,0,1,82.14,91.6
2024-02-20,100,2024,2,20,Tuesday,0,1,83.86,93.47
2024-02-21,83,2024,2,21,Wednesday,0,1,84.0,92.73
2024-02-22,80,2024,2,22,Thursday,0,1,80.86,91.4
2024-02-23,115,2024,2,23,Friday,0,1,84.86,92.43
2024-02-24,66,2024,2,24,Saturday,1,1,86.43,90.9
2024-02-25,43,2024,2,25,Sunday,1,1,85.71,87.83
2024-02-26,103,2024,2,26,Monday,0,1,84.29,89.33
2024-02-27,110,2024,2,27,Tuesday,0,1,85.71,91.23
2024-02-28,93,2024,2,28,Wednesday,0,1,87.14,90.33
2024-02-29,132,2024,2,29,Thursday,0,1,94.57,90.97
2024-03-01,155,2024,3,1,Friday,0,1,100.29,91.57
2024-03-02,89,2024,3,2,Saturday,1,1,103.57,90.23
2024-03-03,57,2024,3,3,Sunday,1,1,105.57,87.7
2024-03-04,116,2024,3,4,Monday,0,1,107.43,89.2
2024-03-05,151,2024,3,5,Tuesday,0,1,113.29,92.47
2024-03-06,140,2024,3,6,Wednesday,0,1,120.0,92.73
2024-03-07,112,2024,3,7,Thursday,0,1,117.14,93.4
2024-03-08,122,2024,3,8,Friday,0,1,112.43,93.83
2024-03-09,74,2024,3,9,Saturday,1,1,110.29,93.17
2024-03-10,50,2024,3,10,Sunday,1,1,109.29,91.47
2024-03-11,125,2024,3,11,Monday,0,1,110.57,93.83
2024-03-12,97,2024,3,12,Tuesday,0,1,102.86,95.93
2024-03-13,98,2024,3,13,Wednesday,0,1,96.86,96.2
2024-03-14,139,2024,3,14,Thursday,0,1,100.71,97.9
2024-03-15,97,2024,3,15,Friday,0,1,97.14,98.4
2024-03-16,66,2024,3,16,Saturday,1,1,96.0,97.2
2024-03-17,50,2024,3,17,Sunday,1,1,96.0,95.97
2024-03-18,101,2024,3,18,Monday,0,1,92.57,97.5
2024-03-19,129,2024,3,19,Tuesday,0,1,97.14,100.2
2024-03-20,102,2024,3,20,Wednesday,0,1,97.71,99.83
2024-03-21,144,2024,3,21,Thursday,0,1,98.43,101.3
2024-03-22,127,2024,3,22,Friday,0,1,102.71,102.77
2024-03-23,64,2024,3,23,Saturday,1,1,102.43,102.23
2024-03-24,55,2024,3,24,Sunday,1,1,103.14,100.23
2024-03-25,146,2024,3,25,Monday,0,1,109.57,102.9
2024-03-26,158,2024,3,26,Tuesday,0,1,113.71,106.73
2024-03-27,120,2024,3,27,Wednesday,0,1,116.29,107.3
2024-03-28,127,2024,3,28,Thursday,0,1,113.86,107.87
2024-03-29,126,2024,3,29,Friday,0,1,113.71,108.97
2024-03-30,84,2024,3,30,Saturday,1,1,116.57,107.37
2024-03-31,61,2024,3,31,Sunday,1,1,117.43,104.23
2024-04-01,170,2024,4,1,Monday,0,2,120.86,106.93
2024-04-02,151,2024,4,2,Tuesday,0,2,119.86,110.07
2024-04-03,145,2024,4,3,Wednesday,0,2,123.43,111.03
2024-04-04,133,2024,4,4,Thursday,0,2,124.29,110.43
2024-04-05,153,2024,4,5,Friday,0,2,128.14,110.87
2024-04-06,87,2024,4,6,Saturday,1,2,128.57,110.03
2024-04-07,54,2024,4,7,Sunday,1,2,127.57,107.77
2024-04-08,151,2024,4,8,Monday,0,2,124.86,110.33
2024-04-09,154,2024,4,9,Tuesday,0,2,125.29,113.8
2024-04-10,153,2024,4,10,Wednesday,0,2,126.43,114.73
2024-04-11,134,2024,4,11,Thursday,0,2,126.57,115.97
2024-04-12,124,2024,4,12,Friday,0,2,122.43,116.83
2024-04-13,82,2024,4,13,Saturday,1,2,121.71,114.93
2024-04-14,57,2024,4,14,Sunday,1,2,122.14,113.6
2024-04-15,130,2024,4,15,Monday,0,2,119.14,115.73
2024-04-16,120,2024,4,16,Tuesday,0,2,114.29,118.07
2024-04-17,151,2024,4,17,Wednesday,0,2,114.0,119.73
2024-04-18,148,2024,4,18,Thursday,0,2,116.0,120.37
2024-04-19,145,2024,4,19,Friday,0,2,119.0,121.8
2024-04-20,79,2024,4,20,Saturday,1,2,118.57,119.63
2024-04-21,50,2024,4,21,Sunday,1,2,117.57,117.07
2024-04-22,127,2024,4,22,Monday,0,2,117.14,119.17
2024-04-23,147,2024,4,23,Tuesday,0,2,121.0,122.23
2024-04-24,125,2024,4,24,Wednesday,0,2,117.29,121.53
2024-04-25,134,2024,4,25,Thursday,0,2,115.29,120.73
2024-04-26,142,2024,4,26,Friday,0,2,114.86,121.47
2024-04-27,105,2024,4,27,Saturday,1,2,118.57,120.73
2024-04-28,58,2024,4,28,Sunday,1,2,119.71,118.47
2024-04-29,170,2024,4,29,Monday,0,2,125.86,121.33
2024-04-30,191,2024,4,30,Tuesday,0,2,132.14,125.67
2024-05-01,134,2024,5,1,Wednesday,0,2,133.43,124.47
2024-05-02,136,2024,5,2,Thursday,0,2,133.71,123.97
2024-05-03,151,2024,5,3,Friday,0,2,135.0,124.17
2024-05-04,93,2024,5,4,Saturday,1,2,133.29,122.83
2024-05-05,71,2024,5,5,Sunday,1,2,135.14,120.1
2024-05-06,107,2024,5,6,Monday,0,2,126.14,120.77
2024-05-07,107,2024,5,7,Tuesday,0,2,114.14,122.53
2024-05-08,124,2024,5,8,Wednesday,0,2,112.71,121.63
2024-05-09,152,2024,5,9,Thursday,0,2,115.0,121.57
2024-05-10,123,2024,5,10,Friday,0,2,111.0,120.57
2024-05-11,78,2024,5,11,Saturday,1,2,108.86,118.7
2024-05-12,55,2024,5,12,Sunday,1,2,106.57,116.4
2024-05-13,133,2024,5,13,Monday,0,2,110.29,118.1
2024-05-14,138,2024,5,14,Tuesday,0,2,114.71,120.8
2024-05-15,108,2024,5,15,Wednesday,0,2,112.43,120.07
2024-05-16,145,2024,5,16,Thursday,0,2,111.43,120.9
2024-05-17,157,2024,5,17,Friday,0,2,116.29,121.1
2024-05-18,81,2024,5,18,Saturday,1,2,116.71,118.87
2024-05-19,53,2024,5,19,Sunday,1,2,116.43,115.8
2024-05-20,124,2024,5,20,Monday,0,2,115.14,117.3
2024-05-21,118,2024,5,21,Tuesday,0,2,112.29,119.57
2024-05-22,115,2024,5,22,Wednesday,0,2,113.29,119.17
2024-05-23,115,2024,5,23,Thursday,0,2,109.0,118.1
2024-05-24,148,2024,5,24,Friday,0,2,107.71,118.87
2024-05-25,79,2024,5,25,Saturday,1,2,107.43,117.03
2024-05-26,75,2024,5,26,Sunday,1,2,110.57,114.8
2024-05-27,138,2024,5,27,Monday,0,2,112.57,115.9
2024-05-28,181,2024,5,28,Tuesday,0,2,121.57,120.0
2024-05-29,140,2024,5,29,Wednesday,0,2,125.14,119.0
2024-05-30,147,2024,5,30,Thursday,0,2,129.71,117.53
2024-05-31,156,2024,5,31,Friday,0,2,130.86,118.27
2024-06-01,114,2024,6,1,Saturday,1,2,135.86,117.53
2024-06-02,83,2024,6,2,Sunday,1,2,137.0,115.27
2024-06-03,148,2024,6,3,Monday,0,2,138.43,117.1
2024-06-04,197,2024,6,4,Tuesday,0,2,140.71,121.3
2024-06-05,194,2024,6,5,Wednesday,0,2,148.43,124.2
2024-06-06,160,2024,6,6,Thursday,0,2,150.29,125.97
2024-06-07,148,2024,6,7,Friday,0,2,149.14,126.77
2024-06-08,93,2024,6,8,Saturday,1,2,146.14,124.8
2024-06-09,63,2024,6,9,Sunday,1,2,143.29,122.8
2024-06-10,180,2024,6,10,Monday,0,2,147.86,126.2
2024-06-11,141,2024,6,11,Tuesday,0,2,139.86,129.07
2024-06-12,169,2024,6,12,Wednesday,0,2,136.29,130.27
2024-06-13,138,2024,6,13,Thursday,0,2,133.14,130.27
2024-06-14,175,2024,6,14,Friday,0,2,137.0,132.5
2024-06-15,104,2024,6,15,Saturday,1,2,138.57,131.13
2024-06-16,56,2024,6,16,Sunday,1,2,137.57,127.77
2024-06-17,182,2024,6,17,Monday,0,2,137.86,131.13
2024-06-18,162,2024,6,18,Tuesday,0,2,140.86,134.77
2024-06-19,164,2024,6,19,Wednesday,0,2,140.14,136.1
2024-06-20,155,2024,6,20,Thursday,0,2,142.57,137.33
2024-06-21,135,2024,6,21,Friday,0,2,136.86,138.0
2024-06-22,105,2024,6,22,Saturday,1,2,137.0,137.67
2024-06-23,66,2024,6,23,Sunday,1,2,138.43,134.93
2024-06-24,187,2024,6,24,Monday,0,2,139.14,138.53
2024-06-25,195,2024,6,25,Tuesday,0,2,143.86,142.53
2024-06-26,155,2024,6,26,Wednesday,0,2,142.57,143.1
2024-06-27,168,2024,6,27,Thursday,0,2,144.43,142.67
2024-06-28,174,2024,6,28,Friday,0,2,150.0,143.8
2024-06-29,130,2024,6,29,Saturday,1,2,153.57,143.23
2024-06-30,74,2024,6,30,Sunday,1,2,154.71,140.5
2024-07-01,155,2024,7,1,Monday,0,3,150.14,141.87
2024-07-02,193,2024,7,2,Tuesday,0,3,149.86,145.53
2024-07-03,153,2024,7,3,Wednesday,0,3,149.57,145.7
2024-07-04,169,2024,7,4,Thursday,0,3,149.71,144.77
2024-07-05,136,2024,7,5,Friday,0,3,144.29,142.83
2024-07-06,71,2024,7,6,Saturday,1,3,135.86,139.87
2024-07-07,59,2024,7,7,Sunday,1,3,133.71,136.9
2024-07-08,174,2024,7,8,Monday,0,3,136.43,139.6
2024-07-09,175,2024,7,9,Tuesday,0,3,133.86,143.33
2024-07-10,119,2024,7,10,Wednesday,0,3,129.0,141.3
2024-07-11,150,2024,7,11,Thursday,0,3,126.29,141.6
2024-07-12,128,2024,7,12,Friday,0,3,125.14,140.23
2024-07-13,93,2024,7,13,Saturday,1,3,128.29,138.73
2024-07-14,65,2024,7,14,Sunday,1,3,129.14,135.07
2024-07-15,127,2024,7,15,Monday,0,3,122.43,135.83
2024-07-16,139,2024,7,16,Tuesday,0,3,117.29,138.6
2024-07-17,134,2024,7,17,Wednesday,0,3,119.43,137.0
2024-07-18,137,2024,7,18,Thursday,0,3,117.57,136.17
2024-07-19,169,2024,7,19,Friday,0,3,123.43,136.33
2024-07-20,77,2024,7,20,Saturday,1,3,121.14,133.73
2024-07-21,64,2024,7,21,Sunday,1,3,121.0,131.37
2024-07-22,149,2024,7,22,Monday,0,3,124.14,132.83
2024-07-23,179,2024,7,23,Tuesday,0,3,129.86,136.6
2024-07-24,130,2024,7,24,Wednesday,0,3,129.29,134.7
2024-07-25,151,2024,7,25,Thursday,0,3,131.29,133.23
2024-07-26,177,2024,7,26,Friday,0,3,132.43,133.97
2024-07-27,103,2024,7,27,Saturday,1,3,136.14,131.8
2024-07-28,83,2024,7,28,Sunday,1,3,138.86,128.77
2024-07-29,164,2024,7,29,Monday,0,3,141.0,129.9
2024-07-30,168,2024,7,30,Tuesday,0,3,139.43,133.03
2024-07-31,168,2024,7,31,Wednesday,0,3,144.86,133.47
2024-08-01,195,2024,8,1,Thursday,0,3,151.14,133.53
2024-08-02,207,2024,8,2,Friday,0,3,155.43,135.33
2024-08-03,118,2024,8,3,Saturday,1,3,157.57,133.63
2024-08-04,87,2024,8,4,Sunday,1,3,158.14,132.0
2024-08-05,188,2024,8,5,Monday,0,3,161.57,135.9
2024-08-06,168,2024,8,6,Tuesday,0,3,161.57,139.53
2024-08-07,134,2024,8,7,Wednesday,0,3,156.71,138.2
2024-08-08,143,2024,8,8,Thursday,0,3,149.29,137.13
2024-08-09,185,2024,8,9,Friday,0,3,146.14,139.33
2024-08-10,79,2024,8,10,Saturday,1,3,140.57,136.97
2024-08-11,78,2024,8,11,Sunday,1,3,139.29,135.3
2024-08-12,172,2024,8,12,Monday,0,3,137.0,137.93
2024-08-13,143,2024,8,13,Tuesday,0,3,133.43,140.53
2024-08-14,160,2024,8,14,Wednesday,0,3,137.14,141.63
2024-08-15,207,2024,8,15,Thursday,0,3,146.29,143.9
2024-08-16,234,2024,8,16,Friday,0,3,153.29,147.23
2024-08-17,148,2024,8,17,Saturday,1,3,163.14,147.6
2024-08-18,97,2024,8,18,Sunday,1,3,165.86,145.2
2024-08-19,278,2024,8,19,Monday,0,3,181.0,151.9
2024-08-20,256,2024,8,20,Tuesday,0,3,197.14,158.3
2024-08-21,269,2024,8,21,Wednesday,0,3,212.71,162.3
2024-08-22,286,2024,8,22,Thursday,0,3,224.0,165.87
2024-08-23,249,2024,8,23,Friday,0,3,226.14,169.83
2024-08-24,131,2024,8,24,Saturday,1,3,223.71,169.17
2024-08-25,128,2024,8,25,Sunday,1,3,228.14,167.53
2024-08-26,275,2024,8,26,Monday,0,3,227.71,173.27
2024-08-27,235,2024,8,27,Tuesday,0,3,224.71,178.33
2024-08-28,288,2024,8,28,Wednesday,0,3,227.43,182.47
2024-08-29,255,2024,8,29,Thursday,0,3,223.0,185.37
2024-08-30,279,2024,8,30,Friday,0,3,227.29,189.07
2024-08-31,173,2024,8,31,Saturday,1,3,233.29,188.33
2024-09-01,104,2024,9,1,Sunday,1,3,229.86,184.9
2024-09-02,209,2024,9,2,Monday,0,3,220.43,187.93
2024-09-03,226,2024,9,3,Tuesday,0,3,219.14,192.57
2024-09-04,221,2024,9,4,Wednesday,0,3,209.57,193.67
2024-09-05,183,2024,9,5,Thursday,0,3,199.29,194.17
2024-09-06,209,2024,9,6,Friday,0,3,189.29,196.67
2024-09-07,96,2024,9,7,Saturday,1,3,178.29,195.1
2024-09-08,78,2024,9,8,Sunday,1,3,174.57,191.53
2024-09-09,200,2024,9,9,Monday,0,3,173.29,195.57
2024-09-10,177,2024,9,10,Tuesday,0,3,166.29,198.87
2024-09-11,159,2024,9,11,Wednesday,0,3,157.43,198.43
2024-09-12,227,2024,9,12,Thursday,0,3,163.71,201.23
2024-09-13,179,2024,9,13,Friday,0,3,159.43,201.87
2024-09-14,99,2024,9,14,Saturday,1,3,159.86,198.27
2024-09-15,64,2024,9,15,Sunday,1,3,157.86,192.6
2024-09-16,187,2024,9,16,Monday,0,3,156.0,193.9
2024-09-17,168,2024,9,17,Tuesday,0,3,154.71,196.27
2024-09-18,199,2024,9,18,Wednesday,0,3,160.43,193.63
2024-09-19,187,2024,9,19,Thursday,0,3,154.71,191.33
2024-09-20,160,2024,9,20,Friday,0,3,152.0,187.7
2024-09-21,93,2024,9,21,Saturday,1,3,151.14,181.27
2024-09-22,66,2024,9,22,Sunday,1,3,151.43,175.17
2024-09-23,225,2024,9,23,Monday,0,3,156.86,178.3
2024-09-24,161,2024,9,24,Tuesday,0,3,155.86,179.4
2024-09-25,191,2024,9,25,Wednesday,0,3,154.71,176.6
2024-09-26,242,2024,9,26,Thursday,0,3,162.57,176.83
2024-09-27,226,2024,9,27,Friday,0,3,172.0,174.77
2024-09-28,124,2024,9,28,Saturday,1,3,176.43,170.4
2024-09-29,72,2024,9,29,Sunday,1,3,177.29,163.5
2024-09-30,209,2024,9,30,Monday,0,3,175.0,164.7
2024-10-01,195,2024,10,1,Tuesday,0,4,179.86,167.73
2024-10-02,231,2024,10,2,Wednesday,0,4,185.57,168.47
2024-10-03,219,2024,10,3,Thursday,0,4,182.29,168.23
2024-10-04,244,2024,10,4,Friday,0,4,184.86,169.0
2024-10-05,142,2024,10,5,Saturday,1,4,187.43,167.63
2024-10-06,78,2024,10,6,Sunday,1,4,188.29,163.27
2024-10-07,211,2024,10,7,Monday,0,4,188.57,167.1
2024-10-08,185,2024,10,8,Tuesday,0,4,187.14,170.67
2024-10-09,207,2024,10,9,Wednesday,0,4,183.71,170.9
2024-10-10,177,2024,10,10,Thursday,0,4,177.71,170.9
2024-10-11,159,2024,10,11,Friday,0,4,165.57,170.9
2024-10-12,109,2024,10,12,Saturday,1,4,160.86,166.97
2024-10-13,65,2024,10,13,Sunday,1,4,159.0,163.17
2024-10-14,185,2024,10,14,Monday,0,4,155.29,166.03
2024-10-15,176,2024,10,15,Tuesday,0,4,154.0,169.77
2024-10-16,168,2024,10,16,Wednesday,0,4,148.43,169.13
2024-10-17,168,2024,10,17,Thursday,0,4,147.14,169.13
2024-10-18,180,2024,10,18,Friday,0,4,150.14,168.5
2024-10-19,87,2024,10,19,Saturday,1,4,147.0,165.17
2024-10-20,85,2024,10,20,Sunday,1,4,149.86,162.67
2024-10-21,183,2024,10,21,Monday,0,4,149.57,165.67
2024-10-22,175,2024,10,22,Tuesday,0,4,149.43,169.3
2024-10-23,140,2024,10,23,Wednesday,0,4,145.43,166.47
2024-10-24,164,2024,10,24,Thursday,0,4,144.86,166.57
2024-10-25,231,2024,10,25,Friday,0,4,152.14,167.9
2024-10-26,102,2024,10,26,Saturday,1,4,154.29,163.23
2024-10-27,75,2024,10,27,Sunday,1,4,152.86,158.2
2024-10-28,190,2024,10,28,Monday,0,4,153.86,160.4
2024-10-29,175,2024,10,29,Tuesday,0,4,153.86,163.83
2024-10-30,174,2024,10,30,Wednesday,0,4,158.71,162.67
2024-10-31,192,2024,10,31,Thursday,0,4,162.71,162.57
2024-11-01,226,2024,11,1,Friday,0,4,162.0,162.4
2024-11-02,123,2024,11,2,Saturday,1,4,165.0,159.2
2024-11-03,78,2024,11,3,Sunday,1,4,165.43,153.67
2024-11-04,215,2024,11,4,Monday,0,4,169.0,156.1
2024-11-05,188,2024,11,5,Tuesday,0,4,170.86,159.77
2024-11-06,160,2024,11,6,Wednesday,0,4,168.86,158.07
2024-11-07,143,2024,11,7,Thursday,0,4,161.86,156.67
2024-11-08,184,2024,11,8,Friday,0,4,155.86,155.9
2024-11-09,93,2024,11,9,Saturday,1,4,151.57,153.1
2024-11-10,54,2024,11,10,Sunday,1,4,148.14,149.6
2024-11-11,164,2024,11,11,Monday,0,4,140.86,151.43
2024-11-12,178,2024,11,12,Tuesday,0,4,139.43,155.2
2024-11-13,146,2024,11,13,Wednesday,0,4,137.43,153.9
2024-11-14,178,2024,11,14,Thursday,0,4,142.43,153.97
2024-11-15,164,2024,11,15,Friday,0,4,139.57,153.83
2024-11-16,107,2024,11,16,Saturday,1,4,141.57,151.8
2024-11-17,64,2024,11,17,Sunday,1,4,143.0,147.93
2024-11-18,186,2024,11,18,Monday,0,4,146.14,151.23
2024-11-19,181,2024,11,19,Tuesday,0,4,146.57,154.43
2024-11-20,301,2024,11,20,Wednesday,0,4,168.71,158.37
2024-11-21,286,2024,11,21,Thursday,0,4,184.14,162.07
2024-11-22,255,2024,11,22,Friday,0,4,197.14,165.9
2024-11-23,163,2024,11,23,Saturday,1,4,205.14,165.87
2024-11-24,130,2024,11,24,Sunday,1,4,214.57,162.5
2024-11-25,375,2024,11,25,Monday,0,4,241.57,171.6
2024-11-26,277,2024,11,26,Tuesday,0,4,255.29,178.33
2024-11-27,267,2024,11,27,Wednesday,0,4,250.43,180.9
2024-11-28,285,2024,11,28,Thursday,0,4,250.29,184.57
2024-11-29,320,2024,11,29,Friday,0,4,259.57,189.43
2024-11-30,194,2024,11,30,Saturday,1,4,264.0,189.5
2024-12-01,127,2024,12,1,Sunday,1,4,263.57,186.2
2024-12-02,245,2024,12,2,Monday,0,4,245.0,190.27
2024-12-03,290,2024,12,3,Tuesday,0,4,246.86,197.33
2024-12-04,227,2024,12,4,Wednesday,0,4,241.14,197.73
2024-12-05,226,2024,12,5,Thursday,0,4,232.71,199.0
2024-12-06,263,2024,12,6,Friday,0,4,224.57,202.43
2024-12-07,152,2024,12,7,Saturday,1,4,218.57,202.73
2024-12-08,82,2024,12,8,Sunday,1,4,212.14,199.33
2024-12-09,247,2024,12,9,Monday,0,4,212.43,204.47
2024-12-10,206,2024,12,10,Tuesday,0,4,200.43,209.53
2024-12-11,180,2024,12,11,Wednesday,0,4,193.71,210.07
2024-12-12,246,2024,12,12,Thursday,0,4,196.57,212.33
2024-12-13,258,2024,12,13,Friday,0,4,195.86,216.07
2024-12-14,145,2024,12,14,Saturday,1,4,194.86,214.97
2024-12-15,108,2024,12,15,Sunday,1,4,198.57,213.1
2024-12-16,185,2024,12,16,Monday,0,4,189.71,215.7
2024-12-17,254,2024,12,17,Tuesday,0,4,196.57,222.03
2024-12-18,233,2024,12,18,Wednesday,0,4,204.14,223.6
2024-12-19,194,2024,12,19,Thursday,0,4,196.71,224.03
2024-12-20,204,2024,12,20,Friday,0,4,189.0,220.8
2024-12-21,105,2024,12,21,Saturday,1,4,183.29,214.77
2024-12-22,82,2024,12,22,Sunday,1,4,179.57,209.0
2024-12-23,180,2024,12,23,Monday,0,4,178.86,209.57
2024-12-24,224,2024,12,24,Tuesday,0,4,174.57,212.7
2024-12-25,179,2024,12,25,Wednesday,0,4,166.86,206.17
2024-12-26,129,2024,12,26,Thursday,0,4,157.57,201.23
2024-12-27,159,2024,12,27,Friday,0,4,151.14,197.63
2024-12-28,78,2024,12,28,Saturday,1,4,147.29,190.73
2024-12-29,70,2024,12,29,Sunday,1,4,145.57,182.4
2024-12-30,140,2024,12,30,Monday,0,4,139.86,180.6
2024-12-31,122,2024,12,31,Tuesday,0,4,125.29,180.43
2025-01-01,213,2025,1,1,Wednesday,0,1,130.14,179.37
2025-01-02,172,2025,1,2,Thursday,0,1,136.29,175.43
2025-01-03,208,2025,1,3,Friday,0,1,143.29,174.8
2025-01-04,139,2025,1,4,Saturday,1,1,152.0,171.9
2025-01-05,76,2025,1,5,Sunday,1,1,152.86,165.67
2025-01-06,197,2025,1,6,Monday,0,1,161.0,167.17
2025-01-07,158,2025,1,7,Tuesday,0,1,166.14,169.7
2025-01-08,170,2025,1,8,Wednesday,0,1,160.0,167.13
2025-01-09,176,2025,1,9,Thursday,0,1,160.57,166.13
2025-01-10,139,2025,1,10,Friday,0,1,150.71,164.77
2025-01-11,71,2025,1,11,Saturday,1,1,141.0,158.93
2025-01-12,40,2025,1,12,Sunday,1,1,135.86,151.67
2025-01-13,128,2025,1,13,Monday,0,1,126.0,151.1
2025-01-14,129,2025,1,14,Tuesday,0,1,121.86,151.8
2025-01-15,142,2025,1,15,Wednesday,0,1,117.86,150.37
2025-01-16,108,2025,1,16,Thursday,0,1,108.14,145.5
2025-01-17,122,2025,1,17,Friday,0,1,105.71,141.8
2025-01-18,60,2025,1,18,Saturday,1,1,104.14,137.33
2025-01-19,57,2025,1,19,Sunday,1,1,106.57,132.43
2025-01-20,96,2025,1,20,Monday,0,1,102.0,132.13
2025-01-21,121,2025,1,21,Tuesday,0,1,100.86,133.43
2025-01-22,110,2025,1,22,Wednesday,0,1,96.29,131.1
2025-01-23,132,2025,1,23,Thursday,0,1,99.71,128.03
2025-01-24,114,2025,1,24,Friday,0,1,98.57,125.87
2025-01-25,78,2025,1,25,Saturday,1,1,101.14,124.17
2025-01-26,65,2025,1,26,Sunday,1,1,102.29,121.03
2025-01-27,116,2025,1,27,Monday,0,1,105.14,122.3
2025-01-28,117,2025,1,28,Tuesday,0,1,104.57,123.87
2025-01-29,104,2025,1,29,Wednesday,0,1,103.71,122.67
2025-01-30,125,2025,1,30,Thursday,0,1,102.71,122.77
2025-01-31,154,2025,1,31,Friday,0,1,108.43,120.8
2025-02-01,64,2025,2,1,Saturday,1,1,106.43,117.2
2025-02-02,44,2025,2,2,Sunday,1,1,103.43,111.73
2025-02-03,116,2025,2,3,Monday,0,1,103.43,110.97
2025-02-04,139,2025,2,4,Tuesday,0,1,106.57,113.07
2025-02-05,130,2025,2,5,Wednesday,0,1,110.29,110.83
2025-02-06,95,2025,2,6,Thursday,0,1,106.0,108.73
2025-02-07,100,2025,2,7,Friday,0,1,98.29,106.4
2025-02-08,71,2025,2,8,Saturday,1,1,99.29,102.9
2025-02-09,45,2025,2,9,Sunday,1,1,99.43,99.77
2025-02-10,126,2025,2,10,Monday,0,1,100.86,101.6
2025-02-11,104,2025,2,11,Tuesday,0,1,95.86,103.73
2025-02-12,89,2025,2,12,Wednesday,0,1,90.0,102.43
2025-02-13,111,2025,2,13,Thursday,0,1,92.29,101.83
2025-02-14,105,2025,2,14,Friday,0,1,93.0,100.6
2025-02-15,59,2025,2,15,Saturday,1,1,91.29,98.97
2025-02-16,43,2025,2,16,Sunday,1,1,91.0,96.33
2025-02-17,110,2025,2,17,Monday,0,1,88.71,98.0
2025-02-18,114,2025,2,18,Tuesday,0,1,90.14,99.9
2025-02-19,86,2025,2,19,Wednesday,0,1,89.71,99.57
2025-02-20,96,2025,2,20,Thursday,0,1,87.57,98.73
2025-02-21,93,2025,2,21,Friday,0,1,85.86,98.17
2025-02-22,56,2025,2,22,Saturday,1,1,85.43,95.63
2025-02-23,40,2025,2,23,Sunday,1,1,85.0,93.17
2025-02-24,122,2025,2,24,Monday,0,1,86.71,94.63
2025-02-25,101,2025,2,25,Tuesday,0,1,84.86,95.83
2025-02-26,135,2025,2,26,Wednesday,0,1,91.86,96.47
2025-02-27,147,2025,2,27,Thursday,0,1,99.14,97.47
2025-02-28,125,2025,2,28,Friday,0,1,103.71,98.17
2025-03-01,87,2025,3,1,Saturday,1,1,108.14,96.9
2025-03-02,67,2025,3,2,Sunday,1,1,112.0,94.0
2025-03-03,125,2025,3,3,Monday,0,1,112.43,96.03
2025-03-04,142,2025,3,4,Tuesday,0,1,118.29,99.3
2025-03-05,159,2025,3,5,Wednesday,0,1,121.71,100.73
2025-03-06,155,2025,3,6,Thursday,0,1,122.86,101.27
2025-03-07,132,2025,3,7,Friday,0,1,123.86,101.33
2025-03-08,74,2025,3,8,Saturday,1,1,122.0,100.63
2025-03-09,46,2025,3,9,Sunday,1,1,119.0,98.83
2025-03-10,144,2025,3,10,Monday,0,1,121.71,101.27
2025-03-11,142,2025,3,11,Tuesday,0,1,121.71,104.5
2025-03-12,147,2025,3,12,Wednesday,0,1,120.0,105.2
2025-03-13,138,2025,3,13,Thursday,0,1,117.57,106.33
2025-03-14,106,2025,3,14,Friday,0,1,113.86,106.9
2025-03-15,72,2025,3,15,Saturday,1,1,113.57,105.6
2025-03-16,62,2025,3,16,Sunday,1,1,115.86,104.17
2025-03-17,123,2025,3,17,Monday,0,1,112.86,106.3
2025-03-18,148,2025,3,18,Tuesday,0,1,113.71,109.8
2025-03-19,150,2025,3,19,Wednesday,0,1,114.14,111.13
2025-03-20,112,2025,3,20,Thursday,0,1,110.43,111.07
2025-03-21,119,2025,3,21,Friday,0,1,112.29,112.17
2025-03-22,85,2025,3,22,Saturday,1,1,114.14,111.8
2025-03-23,45,2025,3,23,Sunday,1,1,111.71,110.2
2025-03-24,150,2025,3,24,Monday,0,1,115.57,113.33
2025-03-25,125,2025,3,25,Tuesday,0,1,112.29,116.17
2025-03-26,186,2025,3,26,Wednesday,0,1,117.43,118.3
2025-03-27,135,2025,3,27,Thursday,0,1,120.71,119.43
2025-03-28,134,2025,3,28,Friday,0,1,122.86,119.4
2025-03-29,91,2025,3,29,Saturday,1,1,123.71,117.53
2025-03-30,74,2025,3,30,Sunday,1,1,127.86,115.83
2025-03-31,151,2025,3,31,Monday,0,1,128.0,117.97
2025-04-01,173,2025,4,1,Tuesday,0,2,134.86,121.5
2025-04-02,171,2025,4,2,Wednesday,0,2,132.71,123.03
2025-04-03,151,2025,4,3,Thursday,0,2,135.0,123.33
2025-04-04,159,2025,4,4,Friday,0,2,138.57,123.33
2025-04-05,81,2025,4,5,Saturday,1,2,137.14,120.87
2025-04-06,61,2025,4,6,Sunday,1,2,135.29,118.5
2025-04-07,153,2025,4,7,Monday,0,2,135.57,121.13
2025-04-08,150,2025,4,8,Tuesday,0,2,132.29,124.6
2025-04-09,115,2025,4,9,Wednesday,0,2,124.29,123.63
2025-04-10,124,2025,4,10,Thursday,0,2,120.43,123.03
2025-04-11,135,2025,4,11,Friday,0,2,117.0,122.63
2025-04-12,91,2025,4,12,Saturday,1,2,118.43,121.07
2025-04-13,56,2025,4,13,Sunday,1,2,117.71,119.4
2025-04-14,124,2025,4,14,Monday,0,2,113.57,121.13
2025-04-15,151,2025,4,15,Tuesday,0,2,113.71,124.1
2025-04-16,154,2025,4,16,Wednesday,0,2,119.29,125.13
2025-04-17,125,2025,4,17,Thursday,0,2,119.43,124.37
2025-04-18,161,2025,4,18,Friday,0,2,123.14,124.73
2025-04-19,82,2025,4,19,Saturday,1,2,121.86,123.73
2025-04-20,65,2025,4,20,Sunday,1,2,123.14,121.93
2025-04-21,147,2025,4,21,Monday,0,2,126.43,124.0
2025-04-22,126,2025,4,22,Tuesday,0,2,122.86,126.7
2025-04-23,149,2025,4,23,Wednesday,0,2,122.14,126.67
2025-04-24,144,2025,4,24,Thursday,0,2,124.86,127.3
2025-04-25,188,2025,4,25,Friday,0,2,128.71,127.37
2025-04-26,107,2025,4,26,Saturday,1,2,132.29,126.43
2025-04-27,68,2025,4,27,Sunday,1,2,132.71,124.23
2025-04-28,169,2025,4,28,Monday,0,2,135.86,126.83
2025-04-29,215,2025,4,29,Tuesday,0,2,148.57,131.53
2025-04-30,199,2025,4,30,Wednesday,0,2,155.71,133.13
2025-05-01,179,2025,5,1,Thursday,0,2,160.71,133.33
2025-05-02,179,2025,5,2,Friday,0,2,159.43,133.6
2025-05-03,73,2025,5,3,Saturday,1,2,154.57,131.0
2025-05-04,76,2025,5,4,Sunday,1,2,155.71,128.23
2025-05-05,138,2025,5,5,Monday,0,2,151.29,130.13
2025-05-06,135,2025,5,6,Tuesday,0,2,139.86,132.6
2025-05-07,136,2025,5,7,Wednesday,0,2,130.86,132.03
2025-05-08,115,2025,5,8,Thursday,0,2,121.71,130.87
2025-05-09,142,2025,5,9,Friday,0,2,116.43,131.77
2025-05-10,85,2025,5,10,Saturday,1,2,118.14,130.47
2025-05-11,68,2025,5,11,Sunday,1,2,117.0,128.23
2025-05-12,161,2025,5,12,Monday,0,2,120.29,130.57
2025-05-13,156,2025,5,13,Tuesday,0,2,123.29,133.9
2025-05-14,139,2025,5,14,Wednesday,0,2,123.71,134.4
2025-05-15,140,2025,5,15,Thursday,0,2,127.29,134.03
2025-05-16,149,2025,5,16,Friday,0,2,128.29,133.87
2025-05-17,87,2025,5,17,Saturday,1,2,128.57,132.6
2025-05-18,52,2025,5,18,Sunday,1,2,126.29,128.97
2025-05-19,119,2025,5,19,Monday,0,2,120.29,130.2
2025-05-20,137,2025,5,20,Tuesday,0,2,117.57,132.6
2025-05-21,152,2025,5,21,Wednesday,0,2,119.43,132.77
2025-05-22,135,2025,5,22,Thursday,0,2,118.71,133.07
2025-05-23,121,2025,5,23,Friday,0,2,114.71,132.13
2025-05-24,97,2025,5,24,Saturday,1,2,116.14,130.57
2025-05-25,87,2025,5,25,Sunday,1,2,121.14,127.2
2025-05-26,194,2025,5,26,Monday,0,2,131.86,130.1
2025-05-27,154,2025,5,27,Tuesday,0,2,134.29,132.97
2025-05-28,174,2025,5,28,Wednesday,0,2,137.43,133.13
2025-05-29,158,2025,5,29,Thursday,0,2,140.71,131.23
2025-05-30,186,2025,5,30,Friday,0,2,150.0,130.8
2025-05-31,127,2025,5,31,Saturday,1,2,154.29,129.07
2025-06-01,68,2025,6,1,Sunday,1,2,151.57,125.37
2025-06-02,194,2025,6,2,Monday,0,2,151.57,129.4
2025-06-03,205,2025,6,3,Tuesday,0,2,158.86,133.7
2025-06-04,217,2025,6,4,Wednesday,0,2,165.0,136.33
2025-06-05,189,2025,6,5,Thursday,0,2,169.43,138.13
2025-06-06,145,2025,6,6,Friday,0,2,163.57,138.43
2025-06-07,97,2025,6,7,Saturday,1,2,159.29,137.83
2025-06-08,74,2025,6,8,Sunday,1,2,160.14,135.57
2025-06-09,143,2025,6,9,Monday,0,2,152.86,137.5
2025-06-10,198,2025,6,10,Tuesday,0,2,151.86,141.83
2025-06-11,178,2025,6,11,Wednesday,0,2,146.29,142.4
2025-06-12,171,2025,6,12,Thursday,0,2,143.71,142.9
2025-06-13,147,2025,6,13,Friday,0,2,144.0,143.17
2025-06-14,115,2025,6,14,Saturday,1,2,146.57,142.33
2025-06-15,74,2025,6,15,Sunday,1,2,146.57,139.83
2025-06-16,149,2025,6,16,Monday,0,2,147.43,141.9
2025-06-17,155,2025,6,17,Tuesday,0,2,141.29,145.33
2025-06-18,158,2025,6,18,Wednesday,0,2,138.43,146.63
2025-06-19,162,2025,6,19,Thursday,0,2,137.14,147.47
2025-06-20,149,2025,6,20,Friday,0,2,137.43,147.37
2025-06-21,88,2025,6,21,Saturday,1,2,133.57,145.8
2025-06-22,65,2025,6,22,Sunday,1,2,132.29,143.93
2025-06-23,173,2025,6,23,Monday,0,2,135.71,146.47
2025-06-24,211,2025,6,24,Tuesday,0,2,143.71,150.6
2025-06-25,195,2025,6,25,Wednesday,0,2,149.0,150.63
2025-06-26,196,2025,6,26,Thursday,0,2,153.86,152.03
2025-06-27,171,2025,6,27,Friday,0,2,157.0,151.93
2025-06-28,132,2025,6,28,Saturday,1,2,163.29,151.07
2025-06-29,80,2025,6,29,Sunday,1,2,165.43,147.53
2025-06-30,180,2025,6,30,Monday,0,2,166.43,149.3
2025-07-01,161,2025,7,1,Tuesday,0,3,159.29,152.4
2025-07-02,171,2025,7,2,Wednesday,0,3,155.86,151.63
2025-07-03,199,2025,7,3,Thursday,0,3,156.29,151.43
2025-07-04,213,2025,7,4,Friday,0,3,162.29,151.3
2025-07-05,103,2025,7,5,Saturday,1,3,158.14,148.43
2025-07-06,56,2025,7,6,Sunday,1,3,154.71,145.47
2025-07-07,159,2025,7,7,Monday,0,3,151.71,147.53
2025-07-08,173,2025,7,8,Tuesday,0,3,153.43,150.83
2025-07-09,139,2025,7,9,Wednesday,0,3,148.86,150.7
2025-07-10,175,2025,7,10,Thursday,0,3,145.43,149.93
2025-07-11,153,2025,7,11,Friday,0,3,136.86,149.1
2025-07-12,101,2025,7,12,Saturday,1,3,136.57,146.77
2025-07-13,60,2025,7,13,Sunday,1,3,137.14,143.87
2025-07-14,188,2025,7,14,Monday,0,3,141.29,146.3
2025-07-15,193,2025,7,15,Tuesday,0,3,144.14,150.27
2025-07-16,189,2025,7,16,Wednesday,0,3,151.29,151.6
2025-07-17,161,2025,7,17,Thursday,0,3,149.29,151.8
2025-07-18,168,2025,7,18,Friday,0,3,151.43,152.13
2025-07-19,93,2025,7,19,Saturday,1,3,150.29,149.83
2025-07-20,68,2025,7,20,Sunday,1,3,151.43,147.13
2025-07-21,146,2025,7,21,Monday,0,3,145.43,149.07
2025-07-22,157,2025,7,22,Tuesday,0,3,140.29,152.13
2025-07-23,171,2025,7,23,Wednesday,0,3,137.71,152.07
2025-07-24,149,2025,7,24,Thursday,0,3,136.0,150.0
2025-07-25,191,2025,7,25,Friday,0,3,139.29,149.87
2025-07-26,128,2025,7,26,Saturday,1,3,144.29,147.6
2025-07-27,89,2025,7,27,Sunday,1,3,147.29,144.87
2025-07-28,194,2025,7,28,Monday,0,3,154.14,146.93
2025-07-29,233,2025,7,29,Tuesday,0,3,165.0,152.03
2025-07-30,228,2025,7,30,Wednesday,0,3,173.14,153.63
2025-07-31,170,2025,7,31,Thursday,0,3,176.14,153.93
2025-08-01,194,2025,8,1,Friday,0,3,176.57,154.7
2025-08-02,115,2025,8,2,Saturday,1,3,174.71,151.9
2025-08-03,96,2025,8,3,Sunday,1,3,175.71,148.0
2025-08-04,211,2025,8,4,Monday,0,3,178.14,151.6
2025-08-05,226,2025,8,5,Tuesday,0,3,177.14,157.27
2025-08-06,161,2025,8,6,Wednesday,0,3,167.57,157.33
2025-08-07,164,2025,8,7,Thursday,0,3,166.71,157.03
2025-08-08,196,2025,8,8,Friday,0,3,167.0,158.93
2025-08-09,116,2025,8,9,Saturday,1,3,167.14,156.97
2025-08-10,65,2025,8,10,Sunday,1,3,162.71,154.03
2025-08-11,151,2025,8,11,Monday,0,3,154.14,155.7
2025-08-12,182,2025,8,12,Tuesday,0,3,147.86,159.77
2025-08-13,173,2025,8,13,Wednesday,0,3,149.57,159.27
2025-08-14,148,2025,8,14,Thursday,0,3,147.29,157.77
2025-08-15,253,2025,8,15,Friday,0,3,155.43,159.9
2025-08-16,136,2025,8,16,Saturday,1,3,158.29,159.07
2025-08-17,123,2025,8,17,Sunday,1,3,166.57,157.57
2025-08-18,316,2025,8,18,Monday,0,3,190.14,165.0
2025-08-19,287,2025,8,19,Tuesday,0,3,205.14,172.3
2025-08-20,218,2025,8,20,Wednesday,0,3,211.57,174.7
2025-08-21,265,2025,8,21,Thursday,0,3,228.29,178.3
2025-08-22,321,2025,8,22,Friday,0,3,238.0,183.3
2025-08-23,179,2025,8,23,Saturday,1,3,244.14,184.3
2025-08-24,132,2025,8,24,Sunday,1,3,245.43,182.33
2025-08-25,342,2025,8,25,Monday,0,3,249.14,189.47
2025-08-26,252,2025,8,26,Tuesday,0,3,244.14,194.9
2025-08-27,284,2025,8,27,Wednesday,0,3,253.57,197.9
2025-08-28,324,2025,8,28,Thursday,0,3,262.0,200.93
2025-08-29,273,2025,8,29,Friday,0,3,255.14,202.43
2025-08-30,204,2025,8,30,Saturday,1,3,258.71,203.57
2025-08-31,130,2025,8,31,Sunday,1,3,258.43,201.43
2025-09-01,245,2025,9,1,Monday,0,3,244.57,205.77
2025-09-02,233,2025,9,2,Tuesday,0,3,241.86,210.33
2025-09-03,219,2025,9,3,Wednesday,0,3,232.57,210.6
2025-09-04,275,2025,9,4,Thursday,0,3,225.57,212.23
2025-09-05,232,2025,9,5,Friday,0,3,219.71,214.6
2025-09-06,139,2025,9,6,Saturday,1,3,210.43,213.77
2025-09-07,84,2025,9,7,Sunday,1,3,203.86,210.03
2025-09-08,249,2025,9,8,Monday,0,3,204.43,214.47
2025-09-09,197,2025,9,9,Tuesday,0,3,199.29,218.87
2025-09-10,199,2025,9,10,Wednesday,0,3,196.43,220.47
2025-09-11,241,2025,9,11,Thursday,0,3,191.57,222.43
2025-09-12,204,2025,9,12,Friday,0,3,187.57,223.47
2025-09-13,140,2025,9,13,Saturday,1,3,187.71,223.2
2025-09-14,101,2025,9,14,Sunday,1,3,190.14,218.13
2025-09-15,228,2025,9,15,Monday,0,3,187.14,221.2
2025-09-16,183,2025,9,16,Tuesday,0,3,185.14,223.2
2025-09-17,244,2025,9,17,Wednesday,0,3,191.57,220.8
2025-09-18,222,2025,9,18,Thursday,0,3,188.86,218.63
2025-09-19,244,2025,9,19,Friday,0,3,194.57,219.5
2025-09-20,111,2025,9,20,Saturday,1,3,190.43,214.37
2025-09-21,87,2025,9,21,Sunday,1,3,188.43,206.57
2025-09-22,207,2025,9,22,Monday,0,3,185.43,207.5
2025-09-23,193,2025,9,23,Tuesday,0,3,186.86,209.53
2025-09-24,228,2025,9,24,Wednesday,0,3,184.57,205.73
2025-09-25,223,2025,9,25,Thursday,0,3,184.71,204.77
2025-09-26,255,2025,9,26,Friday,0,3,186.29,203.8
2025-09-27,129,2025,9,27,Saturday,1,3,188.86,197.3
2025-09-28,110,2025,9,28,Sunday,1,3,192.14,191.87
2025-09-29,272,2025,9,29,Monday,0,3,201.43,194.13
2025-09-30,221,2025,9,30,Tuesday,0,3,205.43,197.17
2025-10-01,215,2025,10,1,Wednesday,0,4,203.57,196.17
2025-10-02,198,2025,10,2,Thursday,0,4,200.0,195.0
2025-10-03,227,2025,10,3,Friday,0,4,196.0,195.27
2025-10-04,136,2025,10,4,Saturday,1,4,197.0,190.63
2025-10-05,84,2025,10,5,Sunday,1,4,193.29,185.7
2025-10-06,215,2025,10,6,Monday,0,4,185.14,188.23
2025-10-07,179,2025,10,7,Tuesday,0,4,179.14,191.4
2025-10-08,213,2025,10,8,Wednesday,0,4,178.86,190.2
2025-10-09,172,2025,10,9,Thursday,0,4,175.14,189.37
2025-10-10,201,2025,10,10,Friday,0,4,171.43,189.43
2025-10-11,129,2025,10,11,Saturday,1,4,170.43,185.7
2025-10-12,88,2025,10,12,Sunday,1,4,171.0,181.83
2025-10-13,207,2025,10,13,Monday,0,4,169.86,184.07
2025-10-14,159,2025,10,14,Tuesday,0,4,167.0,186.0
2025-10-15,204,2025,10,15,Wednesday,0,4,165.71,185.2
2025-10-16,162,2025,10,16,Thursday,0,4,164.29,184.5
2025-10-17,213,2025,10,17,Friday,0,4,166.0,183.47
2025-10-18,135,2025,10,18,Saturday,1,4,166.86,180.57
2025-10-19,74,2025,10,19,Sunday,1,4,164.86,174.9
2025-10-20,174,2025,10,20,Monday,0,4,160.14,177.0
2025-10-21,200,2025,10,21,Tuesday,0,4,166.0,180.77
2025-10-22,169,2025,10,22,Wednesday,0,4,161.0,179.5
2025-10-23,172,2025,10,23,Thursday,0,4,162.43,178.8
2025-10-24,161,2025,10,24,Friday,0,4,155.0,176.57
2025-10-25,120,2025,10,25,Saturday,1,4,152.86,173.13
2025-10-26,98,2025,10,26,Sunday,1,4,156.29,167.9
2025-10-27,212,2025,10,27,Monday,0,4,161.71,170.67
2025-10-28,252,2025,10,28,Tuesday,0,4,169.14,175.4
2025-10-29,192,2025,10,29,Wednesday,0,4,172.43,172.73
2025-10-30,200,2025,10,30,Thursday,0,4,176.43,172.03
2025-10-31,238,2025,10,31,Friday,0,4,187.43,172.8
2025-11-01,126,2025,11,1,Saturday,1,4,188.29,170.4
2025-11-02,92,2025,11,2,Sunday,1,4,187.43,165.9
2025-11-03,185,2025,11,3,Monday,0,4,183.57,167.53
2025-11-04,224,2025,11,4,Tuesday,0,4,179.57,172.2
2025-11-05,207,2025,11,5,Wednesday,0,4,181.71,171.93
2025-11-06,191,2025,11,6,Thursday,0,4,180.43,172.33
2025-11-07,203,2025,11,7,Friday,0,4,175.43,172.0
2025-11-08,100,2025,11,8,Saturday,1,4,171.71,169.6
2025-11-09,75,2025,11,9,Sunday,1,4,169.29,165.4
2025-11-10,193,2025,11,10,Monday,0,4,170.43,167.53
2025-11-11,172,2025,11,11,Tuesday,0,4,163.0,170.33
2025-11-12,162,2025,11,12,Wednesday,0,4,156.57,168.83
2025-11-13,150,2025,11,13,Thursday,0,4,150.71,168.53
2025-11-14,169,2025,11,14,Friday,0,4,145.86,167.37
2025-11-15,90,2025,11,15,Saturday,1,4,144.43,164.97
2025-11-16,64,2025,11,16,Sunday,1,4,142.86,160.0
2025-11-17,201,2025,11,17,Monday,0,4,144.0,162.2
2025-11-18,155,2025,11,18,Tuesday,0,4,141.57,164.9
2025-11-19,153,2025,11,19,Wednesday,0,4,140.29,164.2
2025-11-20,310,2025,11,20,Thursday,0,4,163.14,167.87
2025-11-21,364,2025,11,21,Friday,0,4,191.0,174.37
2025-11-22,189,2025,11,22,Saturday,1,4,205.14,174.93
2025-11-23,148,2025,11,23,Sunday,1,4,217.14,174.5
2025-11-24,296,2025,11,24,Monday,0,4,230.71,180.37
2025-11-25,341,2025,11,25,Tuesday,0,4,257.29,188.47
2025-11-26,335,2025,11,26,Wednesday,0,4,283.29,192.57
2025-11-27,357,2025,11,27,Thursday,0,4,290.0,196.07
2025-11-28,288,2025,11,28,Friday,0,4,279.14,199.27
2025-11-29,210,2025,11,29,Saturday,1,4,282.14,199.6
2025-11-30,137,2025,11,30,Sunday,1,4,280.57,196.23
2025-12-01,319,2025,12,1,Monday,0,4,283.86,202.67
2025-12-02,245,2025,12,2,Tuesday,0,4,270.14,207.77
2025-12-03,322,2025,12,3,Wednesday,0,4,268.29,212.33
2025-12-04,246,2025,12,4,Thursday,0,4,252.43,213.07
2025-12-05,348,2025,12,5,Friday,0,4,261.0,217.77
2025-12-06,126,2025,12,6,Saturday,1,4,249.0,215.6
2025-12-07,99,2025,12,7,Sunday,1,4,243.57,212.13
2025-12-08,262,2025,12,8,Monday,0,4,235.43,217.53
2025-12-09,288,2025,12,9,Tuesday,0,4,241.57,224.63
2025-12-10,218,2025,12,10,Wednesday,0,4,226.71,225.47
2025-12-11,227,2025,12,11,Thursday,0,4,224.0,227.3
2025-12-12,292,2025,12,12,Friday,0,4,216.0,231.63
2025-12-13,121,2025,12,13,Saturday,1,4,215.29,230.67
2025-12-14,90,2025,12,14,Sunday,1,4,214.0,228.03
2025-12-15,273,2025,12,15,Monday,0,4,215.57,234.13
2025-12-16,214,2025,12,16,Tuesday,0,4,205.0,239.13
2025-12-17,220,2025,12,17,Wednesday,0,4,205.29,239.77
2025-12-18,249,2025,12,18,Thursday,0,4,208.43,242.9
2025-12-19,279,2025,12,19,Friday,0,4,206.57,247.1
2025-12-20,157,2025,12,20,Saturday,1,4,211.71,242.0
2025-12-21,90,2025,12,21,Sunday,1,4,211.71,232.87
2025-12-22,190,2025,12,22,Monday,0,4,199.86,232.9
2025-12-23,206,2025,12,23,Tuesday,0,4,198.71,234.83
2025-12-24,264,2025,12,24,Wednesday,0,4,205.0,233.77
2025-12-25,193,2025,12,25,Thursday,0,4,197.0,228.83
2025-12-26,197,2025,12,26,Friday,0,4,185.29,224.23
2025-12-27,100,2025,12,27,Saturday,1,4,177.14,215.67
2025-12-28,67,2025,12,28,Sunday,1,4,173.86,208.3
2025-12-29,157,2025,12,29,Monday,0,4,169.14,206.53
2025-12-30,181,2025,12,30,Tuesday,0,4,165.57,208.0
2025-12-31,131,2025,12,31,Wednesday,0,4,146.57,201.73
2026-01-01,216,2026,1,1,Thursday,0,1,149.86,200.77
2026-01-02,181,2026,1,2,Friday,0,1,147.57,196.07
2026-01-03,138,2026,1,3,Saturday,1,1,153.0,192.47
2026-01-04,91,2026,1,4,Sunday,1,1,156.43,183.9
2026-01-05,219,2026,1,5,Monday,0,1,165.29,187.0
2026-01-06,206,2026,1,6,Tuesday,0,1,168.86,190.57
2026-01-07,173,2026,1,7,Wednesday,0,1,174.86,187.6
2026-01-08,197,2026,1,8,Thursday,0,1,172.14,184.57
2026-01-09,214,2026,1,9,Friday,0,1,176.86,184.43
2026-01-10,104,2026,1,10,Saturday,1,1,172.0,180.33
2026-01-11,45,2026,1,11,Sunday,1,1,165.43,172.1
2026-01-12,134,2026,1,12,Monday,0,1,153.29,172.53
2026-01-13,130,2026,1,13,Tuesday,0,1,142.43,173.87
2026-01-14,106,2026,1,14,Wednesday,0,1,132.86,168.3
2026-01-15,106,2026,1,15,Thursday,0,1,119.86,164.7
2026-01-16,120,2026,1,16,Friday,0,1,106.43,161.37
2026-01-17,89,2026,1,17,Saturday,1,1,104.29,156.03
2026-01-18,64,2026,1,18,Sunday,1,1,107.0,148.87
2026-01-19,121,2026,1,19,Monday,0,1,105.14,147.67
2026-01-20,121,2026,1,20,Tuesday,0,1,103.86,148.7
2026-01-21,131,2026,1,21,Wednesday,0,1,107.43,146.73
2026-01-22,151,2026,1,22,Thursday,0,1,113.86,144.9
2026-01-23,113,2026,1,23,Friday,0,1,112.86,139.87
2026-01-24,68,2026,1,24,Saturday,1,1,109.86,135.7
2026-01-25,54,2026,1,25,Sunday,1,1,108.43,130.93
2026-01-26,125,2026,1,26,Monday,0,1,109.0,131.77
2026-01-27,120,2026,1,27,Tuesday,0,1,108.86,133.53
2026-01-28,134,2026,1,28,Wednesday,0,1,109.29,132.77
2026-01-29,122,2026,1,29,Thursday,0,1,105.14,130.8
2026-01-30,113,2026,1,30,Friday,0,1,105.14,130.2
2026-01-31,97,2026,1,31,Saturday,1,1,109.29,126.23
2026-02-01,64,2026,2,1,Sunday,1,1,110.71,122.33
2026-02-02,153,2026,2,2,Monday,0,1,114.71,122.83
2026-02-03,136,2026,2,3,Tuesday,0,1,117.0,124.33
2026-02-04,115,2026,2,4,Wednesday,0,1,114.29,120.87
2026-02-05,146,2026,2,5,Thursday,0,1,117.71,118.87
2026-02-06,134,2026,2,6,Friday,0,1,120.71,117.57
2026-02-07,71,2026,2,7,Saturday,1,1,117.0,113.37
2026-02-08,47,2026,2,8,Sunday,1,1,114.57,107.8
2026-02-09,128,2026,2,9,Monday,0,1,111.0,108.6
2026-02-10,106,2026,2,10,Tuesday,0,1,106.71,110.63
2026-02-11,107,2026,2,11,Wednesday,0,1,105.57,109.73
2026-02-12,122,2026,2,12,Thursday,0,1,102.14,109.47
2026-02-13,118,2026,2,13,Friday,0,1,99.86,109.87
