order_id,order_date,customer_id,product_id,quantity,latitude,longitude,delivery_address,zone
ORD001,2024-01-01,CUST001,P001,5,40.7829,-73.9654,"Central Park, NYC",A
ORD002,2024-01-01,CUST002,P002,3,40.7580,-73.9855,"Times Square, NYC",B
ORD003,2024-01-01,CUST003,P001,7,40.7061,-73.9969,"Brooklyn Bridge, NYC",C
ORD004,2024-01-02,CUST004,P003,2,40.7484,-73.9857,"Empire State Building, NYC",B
ORD005,2024-01-02,CUST005,P002,4,40.7074,-74.0113,"Wall Street, NYC",A
ORD006,2024-01-02,CUST006,P001,6,40.7505,-73.9934,"Herald Square, NYC",B
ORD007,2024-01-03,CUST007,P003,8,40.7282,-73.9942,"Washington Square Park, NYC",C
ORD008,2024-01-03,CUST008,P002,3,40.7614,-73.9776,"Columbus Circle, NYC",A
ORD009,2024-01-03,CUST009,P001,5,40.7691,-73.9563,"Guggenheim Museum, NYC",B
ORD010,2024-01-04,CUST010,P003,4,40.7407,-73.9906,"Union Square, NYC",C
ORD011,2024-01-04,CUST011,P002,7,40.7549,-73.9840,"Broadway Theatre District, NYC",B
ORD012,2024-01-04,CUST012,P001,2,40.7413,-74.0030,"Tribeca, NYC",A
ORD013,2024-01-05,CUST013,P003,9,40.7505,-73.9904,"Flatiron Building, NYC",C
ORD014,2024-01-05,CUST014,P002,6,40.7282,-73.9942,"NYU Campus, NYC",B
ORD015,2024-01-05,CUST015,P001,3,40.7831,-73.9712,"Upper East Side, NYC",A
ORD016,2024-01-06,CUST016,P003,5,40.7505,-73.9840,"Penn Station, NYC",B
ORD017,2024-01-06,CUST017,P002,4,40.7282,-74.0776,"Financial District, NYC",A
ORD018,2024-01-06,CUST018,P001,8,40.7614,-73.9845,"Lincoln Center, NYC",C
ORD019,2024-01-07,CUST019,P003,2,40.7282,-73.9901,"Soho, NYC",B
ORD020,2024-01-07,CUST020,P002,6,40.7505,-73.9776,"Midtown East, NYC",A
ORD021,2024-01-08,CUST021,P001,7,40.7282,-73.9840,"Chelsea, NYC",C
ORD022,2024-01-08,CUST022,P003,3,40.7505,-73.9904,"Madison Square Garden, NYC",B
ORD023,2024-01-08,CUST023,P002,5,40.7614,-73.9712,"Carnegie Hall, NYC",A
ORD024,2024-01-09,CUST024,P001,4,40.7282,-73.9776,"Greenwich Village, NYC",C
ORD025,2024-01-09,CUST025,P003,8,40.7505,-73.9840,"Macy's Herald Square, NYC",B
ORD026,2024-01-09,CUST026,P002,2,40.7614,-73.9904,"Rockefeller Center, NYC",A
ORD027,2024-01-10,CUST027,P001,6,40.7282,-73.9845,"Little Italy, NYC",C
ORD028,2024-01-10,CUST028,P003,3,40.7505,-73.9712,"Grand Central Terminal, NYC",B
ORD029,2024-01-10,CUST029,P002,7,40.7614,-73.9840,"Broadway Shows District, NYC",A
ORD030,2024-01-11,CUST030,P001,5,40.7282,-73.9904,"Chinatown, NYC",C